date,session_key,pit_duration,lap_number,meeting_key,driver_number
2025-03-16T04:23:12.761000+00:00,9693,13.3,2,1254,4
2025-03-16T04:23:14.282000+00:00,9693,13.4,2,1254,1
2025-03-16T04:23:15.787000+00:00,9693,13.0,2,1254,81
2025-03-16T04:23:18.291000+00:00,9693,13.6,2,1254,63
2025-03-16T04:23:21.181000+00:00,9693,14.1,2,1254,16
2025-03-16T04:23:24.246000+00:00,9693,14.9,2,1254,22
2025-03-16T04:23:26.497000+00:00,9693,15.0,2,1254,23
2025-03-16T04:23:28.680000+00:00,9693,15.0,2,1254,44
2025-03-16T04:23:31.233000+00:00,9693,15.1,2,1254,10
2025-03-16T04:23:33.032000+00:00,9693,15.5,2,1254,14
2025-03-16T04:23:35.723000+00:00,9693,15.5,2,1254,18
2025-03-16T04:23:37.404000+00:00,9693,15.1,2,1254,27
2025-03-16T04:23:38.906000+00:00,9693,14.6,2,1254,12
2025-03-16T04:23:40.336000+00:00,9693,14.4,2,1254,5
2025-03-16T04:23:42.208000+00:00,9693,14.3,2,1254,31
2025-03-16T04:23:44.866000+00:00,9693,14.7,2,1254,30
2025-03-16T04:23:45.808000+00:00,9693,14.6,2,1254,87
2025-03-16T04:25:54.261000+00:00,9693,12.9,3,1254,4
2025-03-16T04:25:56.710000+00:00,9693,13.7,3,1254,1
2025-03-16T04:25:58.250000+00:00,9693,13.8,3,1254,81
2025-03-16T04:26:00.588000+00:00,9693,14.1,3,1254,63
2025-03-16T04:26:03.317000+00:00,9693,14.6,3,1254,16
2025-03-16T04:26:07.237000+00:00,9693,15.2,3,1254,22
2025-03-16T04:26:11.014000+00:00,9693,16.9,3,1254,23
2025-03-16T04:26:12.947000+00:00,9693,16.1,3,1254,44
2025-03-16T04:26:14.535000+00:00,9693,15.7,3,1254,10
2025-03-16T04:26:16.239000+00:00,9693,16.2,3,1254,14
2025-03-16T04:26:18.773000+00:00,9693,16.0,3,1254,18
2025-03-16T04:26:20.410000+00:00,9693,15.9,3,1254,27
2025-03-16T04:26:22.648000+00:00,9693,16.3,3,1254,12
2025-03-16T04:26:24.517000+00:00,9693,16.3,3,1254,5
2025-03-16T04:26:26.647000+00:00,9693,16.4,3,1254,31
2025-03-16T04:26:29.150000+00:00,9693,16.3,3,1254,30
2025-03-16T04:26:30.064000+00:00,9693,16.3,3,1254,87
2025-03-16T04:28:30.190000+00:00,9693,12.8,4,1254,4
2025-03-16T04:28:32.243000+00:00,9693,12.9,4,1254,1
2025-03-16T04:28:33.914000+00:00,9693,12.8,4,1254,81
2025-03-16T04:28:37.172000+00:00,9693,13.6,4,1254,63
2025-03-16T04:28:39.089000+00:00,9693,14.1,4,1254,16
2025-03-16T04:28:42.407000+00:00,9693,13.6,4,1254,22
2025-03-16T04:28:44.788000+00:00,9693,14.2,4,1254,23
2025-03-16T04:28:47.101000+00:00,9693,14.7,4,1254,44
2025-03-16T04:28:49.811000+00:00,9693,14.7,4,1254,10
2025-03-16T04:28:51.748000+00:00,9693,15.0,4,1254,14
2025-03-16T04:28:54.348000+00:00,9693,14.4,4,1254,18
2025-03-16T04:28:56.162000+00:00,9693,14.1,4,1254,27
2025-03-16T04:28:57.988000+00:00,9693,13.9,4,1254,12
2025-03-16T04:29:00.339000+00:00,9693,14.2,4,1254,5
2025-03-16T04:29:08.384000+00:00,9693,19.6,4,1254,31
2025-03-16T04:29:09.440000+00:00,9693,18.8,4,1254,30
2025-03-16T04:29:15.713000+00:00,9693,22.4,4,1254,87
2025-03-16T05:15:54.880000+00:00,9693,18.9,33,1254,22
2025-03-16T05:15:55.546000+00:00,9693,18.5,33,1254,23
2025-03-16T05:15:57.301000+00:00,9693,18.5,33,1254,44
2025-03-16T05:16:00.316000+00:00,9693,19.5,33,1254,10
2025-03-16T05:16:04.773000+00:00,9693,18.9,33,1254,12
2025-03-16T05:16:26.408000+00:00,9693,18.8,33,1254,18
2025-03-16T05:16:36.934000+00:00,9693,21.1,33,1254,27
2025-03-16T05:16:41.273000+00:00,9693,18.4,34,1254,4
2025-03-16T05:16:45.940000+00:00,9693,24.0,33,1254,5
2025-03-16T05:16:49.493000+00:00,9693,19.7,34,1254,81
2025-03-16T05:16:53.220000+00:00,9693,20.0,33,1254,30
2025-03-16T05:17:05.864000+00:00,9693,18.7,34,1254,1
2025-03-16T05:17:27.877000+00:00,9693,19.1,34,1254,63
2025-03-16T05:17:35.888000+00:00,9693,18.1,34,1254,16
2025-03-16T05:30:19.227000+00:00,9693,18.7,39,1254,31
2025-03-16T05:30:28.074000+00:00,9693,22.4,39,1254,87
2025-03-16T05:37:14.127000+00:00,9693,18.0,44,1254,4
2025-03-16T05:37:22.212000+00:00,9693,19.3,44,1254,63
2025-03-16T05:37:23.180000+00:00,9693,18.9,44,1254,23
2025-03-16T05:37:26.634000+00:00,9693,18.9,44,1254,18
2025-03-16T05:37:28.705000+00:00,9693,21.9,44,1254,12
2025-03-16T05:37:29.199000+00:00,9693,20.2,44,1254,27
2025-03-16T05:37:44.720000+00:00,9693,26.2,44,1254,5
2025-03-16T05:38:42.285000+00:00,9693,19.8,44,1254,81
2025-03-16T05:38:52.612000+00:00,9693,19.3,44,1254,87
2025-03-16T05:40:24.422000+00:00,9693,18.7,46,1254,1
2025-03-16T05:40:37.586000+00:00,9693,19.4,46,1254,10
2025-03-16T05:41:57.387000+00:00,9693,19.8,46,1254,31
2025-03-16T05:42:48.260000+00:00,9693,20.8,47,1254,44
2025-03-16T05:42:54.048000+00:00,9693,24.5,47,1254,16
2025-03-16T05:42:55.649000+00:00,9693,19.3,47,1254,22
2025-03-23T07:06:04.340000+00:00,9998,23.3,1,1255,5
2025-03-23T07:20:43.797000+00:00,9998,23.1,10,1255,10
2025-03-23T07:22:18.499000+00:00,9998,22.5,11,1255,22
2025-03-23T07:22:21.442000+00:00,9998,23.1,11,1255,31
2025-03-23T07:22:27.138000+00:00,9998,22.7,11,1255,7
2025-03-23T07:23:56.527000+00:00,9998,22.6,12,1255,12
2025-03-23T07:23:58.830000+00:00,9998,22.8,12,1255,6
2025-03-23T07:25:25.961000+00:00,9998,22.3,13,1255,44
2025-03-23T07:25:31.428000+00:00,9998,22.4,13,1255,1
2025-03-23T07:26:57.330000+00:00,9998,23.9,14,1255,81
2025-03-23T07:27:01.301000+00:00,9998,22.3,14,1255,63
2025-03-23T07:28:37.122000+00:00,9998,22.2,15,1255,4
2025-03-23T07:28:42.400000+00:00,9998,22.1,15,1255,16
2025-03-23T07:32:20.876000+00:00,9998,22.7,17,1255,55
2025-03-23T07:34:04.511000+00:00,9998,22.5,18,1255,30
2025-03-23T07:37:11.934000+00:00,9998,23.3,20,1255,23
2025-03-23T07:37:39.712000+00:00,9998,22.9,20,1255,27
2025-03-23T07:47:11.717000+00:00,9998,22.8,26,1255,87
2025-03-23T07:47:46.464000+00:00,9998,22.7,26,1255,5
2025-03-23T07:54:02.377000+00:00,9998,22.3,30,1255,30
2025-03-23T07:58:46.013000+00:00,9998,22.2,33,1255,6
2025-03-23T08:01:56.363000+00:00,9998,22.5,35,1255,22
2025-03-23T08:03:32.315000+00:00,9998,22.9,36,1255,18
2025-03-23T08:04:48.698000+00:00,9998,22.3,37,1255,44
2025-03-23T08:20:25.204000+00:00,9998,38.1,46,1255,22
2025-04-06T05:18:42.697000+00:00,10006,23.7,9,1256,18
2025-04-06T05:28:10.894000+00:00,10006,23.3,15,1256,7
2025-04-06T05:33:59.151000+00:00,10006,23.1,19,1256,63
2025-04-06T05:35:27.240000+00:00,10006,23.0,20,1256,81
2025-04-06T05:36:57.801000+00:00,10006,24.3,21,1256,1
2025-04-06T05:36:57.941000+00:00,10006,23.2,21,1256,4
2025-04-06T05:37:04.066000+00:00,10006,23.3,21,1256,16
2025-04-06T05:39:09.177000+00:00,10006,23.5,22,1256,27
2025-04-06T05:40:33.084000+00:00,10006,24.8,23,1256,87
2025-04-06T05:40:38.849000+00:00,10006,24.1,23,1256,22
2025-04-06T05:41:59.678000+00:00,10006,23.0,24,1256,23
2025-04-06T05:42:11.422000+00:00,10006,25.7,24,1256,14
2025-04-06T05:42:14.929000+00:00,10006,26.0,24,1256,10
2025-04-06T05:43:29.757000+00:00,10006,23.3,25,1256,6
2025-04-06T05:51:11.930000+00:00,10006,22.9,30,1256,44
2025-04-06T05:52:06.619000+00:00,10006,23.6,30,1256,18
2025-04-06T05:52:41.258000+00:00,10006,24.3,31,1256,12
2025-04-06T05:53:22.478000+00:00,10006,23.4,31,1256,5
2025-04-06T05:54:54.863000+00:00,10006,24.4,32,1256,31
2025-04-06T05:56:25.345000+00:00,10006,23.6,33,1256,30
2025-04-06T05:56:27.189000+00:00,10006,23.3,33,1256,55
2025-04-13T15:12:43.873000+00:00,10014,24.2,5,1257,27
2025-04-13T15:14:22.184000+00:00,10014,25.2,6,1257,6
2025-04-13T15:17:35.756000+00:00,10014,24.8,8,1257,31
2025-04-13T15:19:15.755000+00:00,10014,24.7,9,1257,7
2025-04-13T15:20:47.938000+00:00,10014,29.8,10,1257,4
2025-04-13T15:20:49.900000+00:00,10014,25.0,10,1257,10
2025-04-13T15:20:52.254000+00:00,10014,26.5,10,1257,1
2025-04-13T15:22:35.431000+00:00,10014,26.4,11,1257,22
2025-04-13T15:24:07.042000+00:00,10014,24.8,12,1257,12
2025-04-13T15:24:25.031000+00:00,10014,24.6,12,1257,18
2025-04-13T15:25:38.504000+00:00,10014,24.0,13,1257,63
2025-04-13T15:26:07.063000+00:00,10014,24.1,13,1257,5
2025-04-13T15:27:13.344000+00:00,10014,24.4,14,1257,81
2025-04-13T15:27:36.036000+00:00,10014,24.6,14,1257,55
2025-04-13T15:27:38.560000+00:00,10014,24.5,14,1257,87
2025-04-13T15:27:44.917000+00:00,10014,25.2,14,1257,30
2025-04-13T15:30:58.775000+00:00,10014,25.3,16,1257,23
2025-04-13T15:31:03.584000+00:00,10014,24.8,16,1257,14
2025-04-13T15:32:17.130000+00:00,10014,24.8,17,1257,16
2025-04-13T15:32:26.688000+00:00,10014,24.3,17,1257,44
2025-04-13T15:47:39.342000+00:00,10014,28.0,26,1257,1
2025-04-13T15:49:11.397000+00:00,10014,24.8,27,1257,31
2025-04-13T15:49:11.833000+00:00,10014,24.5,27,1257,12
2025-04-13T15:49:32.563000+00:00,10014,24.2,27,1257,27
2025-04-13T15:50:43.726000+00:00,10014,24.9,28,1257,10
2025-04-13T15:50:56.204000+00:00,10014,25.0,28,1257,7
2025-04-13T15:51:07.535000+00:00,10014,24.6,28,1257,6
2025-04-13T15:57:04.041000+00:00,10014,24.9,32,1257,81
2025-04-13T15:57:12.763000+00:00,10014,24.1,32,1257,63
2025-04-13T15:57:14.316000+00:00,10014,24.2,32,1257,16
2025-04-13T15:57:16.810000+00:00,10014,24.0,32,1257,4
2025-04-13T15:57:30.119000+00:00,10014,24.3,32,1257,44
2025-04-13T15:57:56.684000+00:00,10014,24.3,32,1257,55
2025-04-13T15:57:58.263000+00:00,10014,24.7,32,1257,22
2025-04-13T15:58:03.317000+00:00,10014,24.8,32,1257,87
2025-04-13T15:58:03.706000+00:00,10014,25.9,32,1257,23
2025-04-13T15:58:06.812000+00:00,10014,24.6,32,1257,12
2025-04-13T15:58:10.052000+00:00,10014,24.8,32,1257,14
2025-04-13T15:58:20.841000+00:00,10014,24.1,32,1257,30
2025-04-13T15:58:22.181000+00:00,10014,24.5,32,1257,18
2025-04-13T15:58:30.413000+00:00,10014,25.3,32,1257,5
2025-04-13T16:19:49.060000+00:00,10014,37.1,44,1257,55
2025-04-20T17:06:43.629000+00:00,10022,20.5,1,1258,7
2025-04-20T17:06:45.644000+00:00,10022,21.5,1,1258,31
2025-04-20T17:06:46.504000+00:00,10022,21.8,1,1258,5
2025-04-20T17:36:05.973000+00:00,10022,22.0,18,1258,87
2025-04-20T17:37:06.014000+00:00,10022,21.3,19,1258,81
2025-04-20T17:37:20.145000+00:00,10022,20.3,19,1258,12
2025-04-20T17:37:38.585000+00:00,10022,21.8,19,1258,14
2025-04-20T17:38:45.260000+00:00,10022,20.3,20,1258,63
2025-04-20T17:39:10.227000+00:00,10022,20.5,20,1258,30
2025-04-20T17:40:15.972000+00:00,10022,26.0,21,1258,1
2025-04-20T17:40:41.796000+00:00,10022,24.1,21,1258,55
2025-04-20T17:42:19.009000+00:00,10022,22.1,22,1258,23
2025-04-20T17:43:43.451000+00:00,10022,20.1,23,1258,44
2025-04-20T17:52:49.740000+00:00,10022,20.1,29,1258,16
2025-04-20T17:58:38.083000+00:00,10022,21.5,32,1258,7
2025-04-20T18:00:03.353000+00:00,10022,20.4,33,1258,27
2025-04-20T18:00:38.881000+00:00,10022,20.4,34,1258,4
2025-04-20T18:01:14.102000+00:00,10022,20.8,34,1258,6
2025-04-20T18:09:33.789000+00:00,10022,20.4,39,1258,18
2025-05-04T20:34:44.003000+00:00,10033,22.1,19,1259,5
2025-05-04T20:36:21.717000+00:00,10033,22.3,20,1259,18
2025-05-04T20:39:20.285000+00:00,10033,22.1,22,1259,6
2025-05-04T20:40:53.467000+00:00,10033,23.1,23,1259,31
2025-05-04T20:43:43.112000+00:00,10033,24.3,25,1259,12
2025-05-04T20:43:47.310000+00:00,10033,22.4,25,1259,55
2025-05-04T20:45:11.289000+00:00,10033,22.5,26,1259,1
2025-05-04T20:45:15.014000+00:00,10033,21.9,26,1259,23
2025-05-04T20:46:56.562000+00:00,10033,22.5,27,1259,22
2025-05-04T20:48:37.874000+00:00,10033,23.1,28,1259,44
2025-05-04T20:49:02.307000+00:00,10033,23.6,28,1259,14
2025-05-04T20:49:36.830000+00:00,10033,22.4,28,1259,30
2025-05-04T20:49:50.665000+00:00,10033,22.1,29,1259,81
2025-05-04T20:50:02.115000+00:00,10033,22.0,29,1259,4
2025-05-04T20:50:24.074000+00:00,10033,24.2,29,1259,63
2025-05-04T20:50:32.175000+00:00,10033,22.1,29,1259,16
2025-05-04T20:55:38.007000+00:00,10033,22.0,32,1259,10
2025-05-04T21:02:11.262000+00:00,10033,22.1,36,1259,27
2025-05-18T13:05:35.938000+00:00,9987,30.5,1,1260,31
2025-05-18T13:16:32.970000+00:00,9987,31.4,9,1260,10
2025-05-18T13:17:48.760000+00:00,9987,29.6,10,1260,16
2025-05-18T13:17:54.293000+00:00,9987,29.6,10,1260,30
2025-05-18T13:19:09.863000+00:00,9987,29.7,11,1260,63
2025-05-18T13:19:11.457000+00:00,9987,30.0,11,1260,55
2025-05-18T13:20:32.592000+00:00,9987,30.1,12,1260,14
2025-05-18T13:20:40.339000+00:00,9987,30.9,12,1260,5
2025-05-18T13:21:45.574000+00:00,9987,30.9,13,1260,81
2025-05-18T13:23:21.071000+00:00,9987,31.2,14,1260,18
2025-05-18T13:34:31.297000+00:00,9987,30.3,22,1260,43
2025-05-18T13:42:09.660000+00:00,9987,29.5,28,1260,4
2025-05-18T13:43:28.454000+00:00,9987,29.9,29,1260,1
2025-05-18T13:44:04.660000+00:00,9987,30.4,29,1260,23
2025-05-18T13:44:16.017000+00:00,9987,30.1,29,1260,6
2025-05-18T13:44:16.613000+00:00,9987,30.0,29,1260,12
2025-05-18T13:44:16.984000+00:00,9987,29.9,29,1260,44
2025-05-18T13:44:24.145000+00:00,9987,31.8,29,1260,16
2025-05-18T13:44:27.364000+00:00,9987,30.1,29,1260,27
2025-05-18T13:44:30.255000+00:00,9987,30.7,29,1260,63
2025-05-18T13:44:30.614000+00:00,9987,31.4,29,1260,87
2025-05-18T13:44:36.052000+00:00,9987,29.8,29,1260,22
2025-05-18T13:44:37.333000+00:00,9987,30.6,29,1260,55
2025-05-18T13:44:52.195000+00:00,9987,32.0,29,1260,10
2025-05-18T13:44:53.898000+00:00,9987,30.2,29,1260,30
2025-05-18T13:44:56.882000+00:00,9987,30.6,29,1260,5
2025-05-18T13:46:06.137000+00:00,9987,30.6,30,1260,81
2025-05-18T13:48:38.350000+00:00,9987,56.7,31,1260,87
2025-05-18T14:07:31.467000+00:00,9987,29.6,46,1260,1
2025-05-18T14:08:00.094000+00:00,9987,31.6,46,1260,4
2025-05-18T14:08:31.476000+00:00,9987,29.9,46,1260,44
2025-05-18T14:08:41.836000+00:00,9987,30.0,46,1260,6
2025-05-18T14:09:17.721000+00:00,9987,30.8,46,1260,14
2025-05-18T14:09:24.776000+00:00,9987,34.4,46,1260,18
2025-05-18T14:09:28.078000+00:00,9987,31.1,46,1260,43
2025-05-18T14:09:30.816000+00:00,9987,29.9,46,1260,5
2025-05-18T14:10:16.509000+00:00,9987,29.7,47,1260,23
2025-05-25T13:05:00.705000+00:00,9979,24.5,1,1261,22
2025-05-25T13:05:02.475000+00:00,9979,24.3,1,1261,10
2025-05-25T13:05:30.195000+00:00,9979,50.1,1,1261,87
2025-05-25T13:05:35.820000+00:00,9979,37.2,1,1261,5
2025-05-25T13:21:04.863000+00:00,9979,24.0,12,1261,27
2025-05-25T13:22:26.270000+00:00,9979,24.3,13,1261,43
2025-05-25T13:23:19.864000+00:00,9979,24.3,14,1261,6
2025-05-25T13:25:54.877000+00:00,9979,25.3,16,1261,14
2025-05-25T13:26:00.002000+00:00,9979,25.5,16,1261,31
2025-05-25T13:27:46.469000+00:00,9979,23.9,17,1261,18
2025-05-25T13:27:48.398000+00:00,9979,24.5,17,1261,87
2025-05-25T13:28:25.215000+00:00,9979,23.5,18,1261,44
2025-05-25T13:29:25.700000+00:00,9979,24.5,19,1261,4
2025-05-25T13:30:02.482000+00:00,9979,24.0,19,1261,6
2025-05-25T13:30:48.575000+00:00,9979,25.7,20,1261,81
2025-05-25T13:33:15.011000+00:00,9979,23.5,22,1261,16
2025-05-25T13:39:33.903000+00:00,9979,24.4,26,1261,5
2025-05-25T13:39:35.090000+00:00,9979,24.4,26,1261,43
2025-05-25T13:40:54.106000+00:00,9979,24.1,28,1261,1
2025-05-25T13:41:44.900000+00:00,9979,24.7,28,1261,31
2025-05-25T13:45:47.184000+00:00,9979,24.2,31,1261,30
2025-05-25T13:47:05.165000+00:00,9979,23.9,32,1261,23
2025-05-25T13:51:32.327000+00:00,9979,24.2,35,1261,5
2025-05-25T13:57:37.401000+00:00,9979,24.3,40,1261,30
2025-05-25T13:57:39.323000+00:00,9979,24.1,40,1261,23
2025-05-25T14:03:16.358000+00:00,9979,24.3,44,1261,27
2025-05-25T14:06:10.450000+00:00,9979,23.9,48,1261,81
2025-05-25T14:07:17.044000+00:00,9979,23.6,49,1261,16
2025-05-25T14:08:10.967000+00:00,9979,24.4,48,1261,55
2025-05-25T14:08:27.154000+00:00,9979,23.7,50,1261,4
2025-05-25T14:14:45.756000+00:00,9979,24.0,53,1261,55
2025-05-25T14:14:47.147000+00:00,9979,19.4,53,1261,63
2025-05-25T14:16:41.123000+00:00,9979,24.2,56,1261,44
2025-05-25T14:26:38.027000+00:00,9979,25.0,62,1261,63
2025-05-25T14:29:40.406000+00:00,9979,25.9,64,1261,18
2025-05-25T14:34:22.421000+00:00,9979,24.0,68,1261,63
2025-05-25T14:36:00.507000+00:00,9979,24.4,69,1261,12
2025-05-25T14:38:51.517000+00:00,9979,24.8,71,1261,12
2025-05-25T14:41:05.568000+00:00,9979,24.0,73,1261,22
2025-05-25T14:42:46.979000+00:00,9979,23.9,77,1261,1
2025-06-01T13:12:13.642000+00:00,9971,30.8,6,1262,23
2025-06-01T13:14:49.858000+00:00,9971,22.0,8,1262,87
2025-06-01T13:14:54.749000+00:00,9971,21.8,8,1262,22
2025-06-01T13:16:07.034000+00:00,9971,22.2,9,1262,27
2025-06-01T13:16:24.651000+00:00,9971,30.5,9,1262,55
2025-06-01T13:17:27.014000+00:00,9971,22.2,10,1262,10
2025-06-01T13:21:17.088000+00:00,9971,21.8,13,1262,1
2025-06-01T13:23:12.861000+00:00,9971,22.4,14,1262,43
2025-06-01T13:24:35.443000+00:00,9971,22.7,15,1262,14
2025-06-01T13:25:31.581000+00:00,9971,21.9,16,1262,44
2025-06-01T13:26:50.882000+00:00,9971,21.8,17,1262,16
2025-06-01T13:28:34.684000+00:00,9971,22.0,18,1262,30
2025-06-01T13:29:48.843000+00:00,9971,21.7,19,1262,6
2025-06-01T13:30:05.438000+00:00,9971,22.0,19,1262,5
2025-06-01T13:31:01.084000+00:00,9971,21.7,20,1262,63
2025-06-01T13:31:32.319000+00:00,9971,22.5,20,1262,31
2025-06-01T13:32:04.917000+00:00,9971,22.4,21,1262,4
2025-06-01T13:32:28.534000+00:00,9971,22.2,21,1262,12
2025-06-01T13:33:20.023000+00:00,9971,21.8,22,1262,81
2025-06-01T13:37:05.525000+00:00,9971,22.0,24,1262,22
2025-06-01T13:40:13.803000+00:00,9971,37.6,26,1262,23
2025-06-01T13:42:59.372000+00:00,9971,21.9,29,1262,1
2025-06-01T13:46:33.952000+00:00,9971,22.0,31,1262,10
2025-06-01T13:50:52.981000+00:00,9971,22.3,34,1262,55
2025-06-01T13:52:07.362000+00:00,9971,22.2,35,1262,87
2025-06-01T13:57:58.469000+00:00,9971,21.8,40,1262,16
2025-06-01T13:58:05.995000+00:00,9971,22.1,39,1262,43
2025-06-01T13:59:29.876000+00:00,9971,21.7,41,1262,63
2025-06-01T14:01:40.002000+00:00,9971,22.2,42,1262,14
2025-06-01T14:03:11.902000+00:00,9971,22.4,43,1262,31
2025-06-01T14:04:16.481000+00:00,9971,22.1,44,1262,30
2025-06-01T14:04:32.386000+00:00,9971,21.8,44,1262,22
2025-06-01T14:05:29.605000+00:00,9971,21.8,45,1262,27
2025-06-01T14:06:15.943000+00:00,9971,24.4,46,1262,44
2025-06-01T14:07:10.256000+00:00,9971,21.8,47,1262,1
2025-06-01T14:08:26.274000+00:00,9971,21.8,48,1262,4
2025-06-01T14:09:20.535000+00:00,9971,22.0,48,1262,6
2025-06-01T14:09:39.403000+00:00,9971,21.8,49,1262,81
2025-06-01T14:10:32.645000+00:00,9971,23.4,49,1262,12
2025-06-01T14:11:18.400000+00:00,9971,22.9,49,1262,5
2025-06-01T14:18:02.414000+00:00,9971,22.7,55,1262,81
2025-06-01T14:18:08.744000+00:00,9971,23.5,55,1262,4
2025-06-01T14:18:11.342000+00:00,9971,22.1,55,1262,1
2025-06-01T14:18:19.674000+00:00,9971,22.2,54,1262,14
2025-06-01T14:18:23.585000+00:00,9971,22.7,54,1262,87
2025-06-01T14:18:27.128000+00:00,9971,22.2,54,1262,22
2025-06-01T14:18:34.491000+00:00,9971,22.3,55,1262,16
2025-06-01T14:18:39.405000+00:00,9971,23.1,55,1262,63
2025-06-01T14:18:50.955000+00:00,9971,22.8,55,1262,44
2025-06-01T14:19:00.832000+00:00,9971,21.8,54,1262,43
2025-06-01T14:19:35.762000+00:00,9971,21.8,55,1262,6
2025-06-01T14:20:05.783000+00:00,9971,22.8,55,1262,10
2025-06-01T14:20:33.319000+00:00,9971,21.9,55,1262,55
2025-06-01T14:21:28.021000+00:00,9971,21.9,56,1262,27
2025-06-15T18:18:46.813000+00:00,9963,23.6,12,1263,1
2025-06-15T18:20:00.490000+00:00,9963,23.2,13,1263,63
2025-06-15T18:20:28.271000+00:00,9963,24.1,13,1263,6
2025-06-15T18:21:21.944000+00:00,9963,23.3,14,1263,12
2025-06-15T18:21:42.428000+00:00,9963,24.7,14,1263,43
2025-06-15T18:22:45.479000+00:00,9963,23.6,15,1263,44
2025-06-15T18:22:53.588000+00:00,9963,24.0,15,1263,14
2025-06-15T18:23:57.698000+00:00,9963,23.2,16,1263,81
2025-06-15T18:27:00.215000+00:00,9963,23.5,18,1263,87
2025-06-15T18:28:08.325000+00:00,9963,23.4,19,1263,27
2025-06-15T18:33:34.102000+00:00,9963,23.8,23,1263,23
2025-06-15T18:34:50.807000+00:00,9963,23.7,24,1263,18
2025-06-15T18:39:19.162000+00:00,9963,23.3,28,1263,16
2025-06-15T18:40:32.603000+00:00,9963,23.2,29,1263,4
2025-06-15T18:50:43.952000+00:00,9963,23.1,37,1263,1
2025-06-15T18:52:00.124000+00:00,9963,23.4,38,1263,12
2025-06-15T18:52:59.709000+00:00,9963,23.2,38,1263,30
2025-06-15T18:56:57.264000+00:00,9963,24.2,42,1263,63
2025-06-15T19:00:51.144000+00:00,9963,23.1,45,1263,81
2025-06-15T19:01:16.082000+00:00,9963,23.3,45,1263,44
2025-06-15T19:03:25.586000+00:00,9963,23.4,47,1263,4
2025-06-15T19:07:07.557000+00:00,9963,23.7,49,1263,5
2025-06-15T19:07:59.841000+00:00,9963,23.4,50,1263,14
2025-06-15T19:09:55.405000+00:00,9963,34.7,51,1263,18
2025-06-15T19:11:03.265000+00:00,9963,23.8,53,1263,16
2025-06-15T19:12:18.859000+00:00,9963,23.9,53,1263,10
2025-06-15T19:15:57.532000+00:00,9963,25.1,56,1263,22
2025-06-15T19:17:03.136000+00:00,9963,24.4,57,1263,31
2025-06-15T19:17:07.058000+00:00,9963,23.2,57,1263,55
2025-06-15T19:28:33.451000+00:00,9963,18.2,66,1263,14
2025-06-15T19:28:37.654000+00:00,9963,18.2,66,1263,27
2025-06-15T19:28:41.123000+00:00,9963,18.2,67,1263,63
2025-06-15T19:28:43.779000+00:00,9963,18.2,67,1263,1
2025-06-15T19:28:46.904000+00:00,9963,18.2,67,1263,12
2025-06-15T19:28:54.639000+00:00,9963,18.2,66,1263,31
2025-06-15T19:28:55.248000+00:00,9963,18.2,66,1263,55
2025-06-15T19:28:56.014000+00:00,9963,26.3,67,1263,81
2025-06-15T19:29:14.030000+00:00,9963,18.3,67,1263,16
2025-06-15T19:29:16.873000+00:00,9963,27.9,66,1263,87
2025-06-15T19:29:19.201000+00:00,9963,18.2,66,1263,22
2025-06-15T19:29:21.748000+00:00,9963,18.1,66,1263,43
2025-06-15T19:29:22.670000+00:00,9963,18.2,66,1263,5
2025-06-15T19:29:26.092000+00:00,9963,18.2,66,1263,10
2025-06-15T19:29:32.320000+00:00,9963,23.6,66,1263,6
2025-06-15T19:29:35.043000+00:00,9963,23.7,66,1263,18
2025-06-15T19:29:45.861000+00:00,9963,18.2,67,1263,44
2025-06-15T19:30:27.190000+00:00,9963,18.1,67,1263,14
2025-06-15T19:30:30.052000+00:00,9963,18.2,67,1263,27
2025-06-15T19:30:47.996000+00:00,9963,19.4,68,1263,63
2025-06-15T19:30:49.058000+00:00,9963,19.2,68,1263,1
2025-06-15T19:30:50.277000+00:00,9963,18.9,68,1263,12
2025-06-15T19:30:51.777000+00:00,9963,18.2,67,1263,31
2025-06-15T19:30:52.730000+00:00,9963,18.1,67,1263,55
2025-06-15T19:30:53.949000+00:00,9963,18.2,68,1263,81
2025-06-15T19:31:08.887000+00:00,9963,18.2,68,1263,16
2025-06-15T19:31:13.668000+00:00,9963,18.2,67,1263,87
2025-06-15T19:31:16.491000+00:00,9963,18.2,67,1263,22
2025-06-15T19:31:18.654000+00:00,9963,18.1,67,1263,43
2025-06-15T19:31:20.346000+00:00,9963,18.2,67,1263,5
2025-06-15T19:31:21.526000+00:00,9963,18.2,67,1263,10
2025-06-15T19:31:27.900000+00:00,9963,18.2,67,1263,6
2025-06-15T19:31:30.993000+00:00,9963,18.2,67,1263,18
2025-06-15T19:31:36.447000+00:00,9963,18.2,68,1263,44
2025-06-15T19:32:06.587000+00:00,9963,18.2,68,1263,14
2025-06-15T19:32:09.150000+00:00,9963,18.3,68,1263,27
2025-06-15T19:32:51.728000+00:00,9963,18.2,69,1263,63
2025-06-15T19:32:52.760000+00:00,9963,18.3,69,1263,1
2025-06-15T19:32:53.900000+00:00,9963,18.2,69,1263,12
2025-06-15T19:32:55.228000+00:00,9963,18.2,68,1263,31
2025-06-15T19:32:56.228000+00:00,9963,18.1,68,1263,55
2025-06-15T19:32:57.822000+00:00,9963,18.2,69,1263,81
2025-06-15T19:32:59.650000+00:00,9963,18.2,69,1263,16
2025-06-15T19:33:00.697000+00:00,9963,18.2,68,1263,87
2025-06-15T19:33:02.791000+00:00,9963,18.2,68,1263,22
2025-06-15T19:33:04.510000+00:00,9963,18.1,68,1263,43
2025-06-15T19:33:06.244000+00:00,9963,18.2,68,1263,5
2025-06-15T19:33:08.260000+00:00,9963,18.2,68,1263,10
2025-06-15T19:33:10.916000+00:00,9963,18.2,68,1263,6
2025-06-15T19:33:13.025000+00:00,9963,18.2,68,1263,18
2025-06-15T19:33:14.229000+00:00,9963,18.2,69,1263,44
2025-06-15T19:33:43.135000+00:00,9963,18.2,69,1263,14
2025-06-15T19:33:46.010000+00:00,9963,18.3,69,1263,27
2025-06-29T13:21:58.769000+00:00,9955,21.2,2,1264,6
2025-06-29T13:33:15.023000+00:00,9955,21.9,11,1264,87
2025-06-29T13:34:25.507000+00:00,9955,21.9,12,1264,10
2025-06-29T13:34:29.788000+00:00,9955,21.2,12,1264,27
2025-06-29T13:35:33.152000+00:00,9955,21.2,13,1264,23
2025-06-29T13:35:42.851000+00:00,9955,23.0,13,1264,43
2025-06-29T13:41:30.632000+00:00,9955,21.3,18,1264,63
2025-06-29T13:41:42.881000+00:00,9955,21.4,18,1264,22
2025-06-29T13:42:53.542000+00:00,9955,23.1,19,1264,31
2025-06-29T13:43:35.564000+00:00,9955,22.1,20,1264,4
2025-06-29T13:45:08.624000+00:00,9955,21.6,21,1264,5
2025-06-29T13:48:21.332000+00:00,9955,22.5,24,1264,81
2025-06-29T13:49:38.422000+00:00,9955,21.3,25,1264,16
2025-06-29T13:50:52.685000+00:00,9955,21.2,26,1264,44
2025-06-29T13:51:27.716000+00:00,9955,22.9,26,1264,18
2025-06-29T13:53:45.441000+00:00,9955,21.6,28,1264,6
2025-06-29T13:56:28.671000+00:00,9955,30.0,30,1264,22
2025-06-29T13:58:21.124000+00:00,9955,21.4,32,1264,30
2025-06-29T13:59:35.606000+00:00,9955,21.8,33,1264,14
2025-06-29T14:05:48.279000+00:00,9955,22.1,38,1264,10
2025-06-29T14:06:55.950000+00:00,9955,21.7,39,1264,87
2025-06-29T14:07:09.171000+00:00,9955,21.0,39,1264,43
2025-06-29T14:10:20.537000+00:00,9955,21.0,42,1264,27
2025-06-29T14:13:44.451000+00:00,9955,21.8,45,1264,63
2025-06-29T14:17:56.970000+00:00,9955,21.5,49,1264,16
2025-06-29T14:18:32.521000+00:00,9955,21.2,49,1264,5
2025-06-29T14:19:16.051000+00:00,9955,21.1,50,1264,44
2025-06-29T14:19:50.236000+00:00,9955,22.2,50,1264,31
2025-06-29T14:21:10.298000+00:00,9955,21.4,52,1264,4
2025-06-29T14:22:22.916000+00:00,9955,21.0,53,1264,81
2025-06-29T14:23:47.985000+00:00,9955,21.7,53,1264,18
2025-06-29T14:32:24.678000+00:00,9955,32.6,60,1264,22
2025-07-06T14:08:17.475000+00:00,9947,28.7,2,1277,12
2025-07-06T14:16:33.371000+00:00,9947,29.1,6,1277,18
2025-07-06T14:22:11.076000+00:00,9947,29.7,9,1277,27
2025-07-06T14:22:24.157000+00:00,9947,28.7,9,1277,12
2025-07-06T14:23:53.883000+00:00,9947,28.8,10,1277,18
2025-07-06T14:23:59.805000+00:00,9947,28.6,10,1277,63
2025-07-06T14:24:06.510000+00:00,9947,29.0,10,1277,16
2025-07-06T14:24:11.502000+00:00,9947,28.5,10,1277,6
2025-07-06T14:24:14.471000+00:00,9947,29.2,10,1277,87
2025-07-06T14:25:25.048000+00:00,9947,29.4,11,1277,81
2025-07-06T14:25:32.711000+00:00,9947,28.1,11,1277,1
2025-07-06T14:25:33.725000+00:00,9947,30.6,11,1277,4
2025-07-06T14:25:42.378000+00:00,9947,28.9,11,1277,44
2025-07-06T14:25:43.534000+00:00,9947,28.9,11,1277,10
2025-07-06T14:25:44.440000+00:00,9947,28.7,11,1277,14
2025-07-06T14:25:46.800000+00:00,9947,29.5,11,1277,55
2025-07-06T14:25:53.253000+00:00,9947,28.5,11,1277,22
2025-07-06T14:27:41.545000+00:00,9947,29.2,12,1277,23
2025-07-06T14:42:15.244000+00:00,9947,29.5,18,1277,31
2025-07-06T14:47:35.833000+00:00,9947,29.7,20,1277,12
2025-07-06T15:18:03.964000+00:00,9947,28.5,37,1277,14
2025-07-06T15:19:45.182000+00:00,9947,28.2,38,1277,63
2025-07-06T15:24:34.782000+00:00,9947,29.1,41,1277,44
2025-07-06T15:24:46.957000+00:00,9947,28.5,41,1277,18
2025-07-06T15:24:51.692000+00:00,9947,29.6,41,1277,1
2025-07-06T15:24:52.755000+00:00,9947,28.4,41,1277,10
2025-07-06T15:25:01.917000+00:00,9947,28.6,41,1277,55
2025-07-06T15:25:03.733000+00:00,9947,29.0,41,1277,87
2025-07-06T15:25:39.003000+00:00,9947,40.1,41,1277,22
2025-07-06T15:26:13.413000+00:00,9947,29.9,42,1277,27
2025-07-06T15:26:39.540000+00:00,9947,28.8,42,1277,16
2025-07-06T15:26:43.790000+00:00,9947,29.2,42,1277,23
2025-07-06T15:26:45.930000+00:00,9947,28.6,42,1277,31
2025-07-06T15:27:27.652000+00:00,9947,40.2,43,1277,81
2025-07-06T15:28:57.299000+00:00,9947,28.2,44,1277,4
2025-07-27T14:46:51.176000+00:00,9939,23.2,11,1265,44
2025-07-27T14:46:55.160000+00:00,9939,23.5,11,1265,27
2025-07-27T14:46:57.797000+00:00,9939,26.8,11,1265,10
2025-07-27T14:46:58.319000+00:00,9939,23.4,11,1265,14
2025-07-27T14:48:23.592000+00:00,9939,23.8,12,1265,81
2025-07-27T14:48:33.904000+00:00,9939,23.8,12,1265,16
2025-07-27T14:48:36.608000+00:00,9939,25.9,12,1265,1
2025-07-27T14:48:38.342000+00:00,9939,23.6,12,1265,63
2025-07-27T14:48:40.373000+00:00,9939,24.0,12,1265,23
2025-07-27T14:48:46.295000+00:00,9939,23.2,12,1265,30
2025-07-27T14:48:48.478000+00:00,9939,23.2,12,1265,5
2025-07-27T14:48:50.420000+00:00,9939,24.1,12,1265,87
2025-07-27T14:48:58.189000+00:00,9939,23.6,12,1265,43
2025-07-27T14:49:01.173000+00:00,9939,23.6,12,1265,12
2025-07-27T14:49:02.189000+00:00,9939,23.7,12,1265,18
2025-07-27T14:49:03.093000+00:00,9939,27.5,12,1265,55
2025-07-27T14:50:23.619000+00:00,9939,24.3,13,1265,4
2025-07-27T14:50:46.134000+00:00,9939,23.3,13,1265,22
2025-07-27T14:50:47.978000+00:00,9939,23.5,13,1265,6
2025-07-27T14:50:58.871000+00:00,9939,23.8,13,1265,31
2025-07-27T15:04:04.865000+00:00,9939,23.3,20,1265,6
2025-07-27T15:14:55.910000+00:00,9939,23.7,26,1265,55
2025-07-27T15:18:31.745000+00:00,9939,23.4,28,1265,43
2025-07-27T15:20:11.061000+00:00,9939,23.6,29,1265,14
2025-07-27T15:21:56.538000+00:00,9939,23.0,30,1265,12
2025-07-27T15:25:26.135000+00:00,9939,23.8,32,1265,27
2025-08-03T13:10:42.523000+00:00,9928,21.5,5,1266,27
2025-08-03T13:22:01.414000+00:00,9928,30.2,13,1266,43
2025-08-03T13:23:14.799000+00:00,9928,21.3,14,1266,23
2025-08-03T13:23:15.143000+00:00,9928,22.4,14,1266,31
2025-08-03T13:24:35.579000+00:00,9928,21.6,15,1266,55
2025-08-03T13:27:14.938000+00:00,9928,21.4,17,1266,1
2025-08-03T13:28:14.741000+00:00,9928,21.1,18,1266,81
2025-08-03T13:29:34.492000+00:00,9928,21.1,19,1266,16
2025-08-03T13:29:41.501000+00:00,9928,21.7,19,1266,63
2025-08-03T13:31:41.726000+00:00,9928,21.2,20,1266,22
2025-08-03T13:32:58.761000+00:00,9928,22.3,21,1266,12
2025-08-03T13:45:32.129000+00:00,9928,21.7,30,1266,87
2025-08-03T13:46:07.521000+00:00,9928,20.9,31,1266,4
2025-08-03T13:48:23.579000+00:00,9928,21.6,32,1266,10
2025-08-03T13:49:42.725000+00:00,9928,21.0,33,1266,6
2025-08-03T13:52:42.991000+00:00,9928,26.2,35,1266,43
2025-08-03T13:53:38.455000+00:00,9928,21.4,36,1266,18
2025-08-03T13:55:26.296000+00:00,9928,21.5,37,1266,22
2025-08-03T13:56:46.756000+00:00,9928,22.7,38,1266,23
2025-08-03T13:57:35.927000+00:00,9928,22.2,39,1266,14
2025-08-03T13:58:22.582000+00:00,9928,21.1,40,1266,16
2025-08-03T13:59:03.530000+00:00,9928,21.7,40,1266,5
2025-08-03T13:59:09.827000+00:00,9928,22.1,40,1266,30
2025-08-03T14:00:56.554000+00:00,9928,28.7,41,1266,27
2025-08-03T14:02:07.096000+00:00,9928,21.1,42,1266,44
2025-08-03T14:02:38.260000+00:00,9928,21.4,43,1266,63
2025-08-03T14:05:10.901000+00:00,9928,20.9,45,1266,81
2025-08-03T14:10:05.385000+00:00,9928,21.2,48,1266,1
2025-08-03T14:14:40.780000+00:00,9928,21.4,51,1266,55
2025-08-31T13:14:08.902000+00:00,9920,17.5,8,1267,18
2025-08-31T13:26:54.106000+00:00,9920,17.4,18,1267,14
2025-08-31T13:28:11.385000+00:00,9920,18.3,19,1267,22
2025-08-31T13:28:14.989000+00:00,9920,17.9,19,1267,43
2025-08-31T13:28:15.583000+00:00,9920,17.6,19,1267,27
2025-08-31T13:31:42.348000+00:00,9920,17.0,22,1267,16
2025-08-31T13:32:12.030000+00:00,9920,17.9,22,1267,5
2025-08-31T13:32:42.693000+00:00,9920,17.3,23,1267,81
2025-08-31T13:32:50.571000+00:00,9920,20.0,23,1267,4
2025-08-31T13:33:08.588000+00:00,9920,18.7,23,1267,1
2025-08-31T13:33:10.743000+00:00,9920,17.4,23,1267,6
2025-08-31T13:33:15.400000+00:00,9920,18.8,23,1267,63
2025-08-31T13:33:26.426000+00:00,9920,17.5,23,1267,30
2025-08-31T13:33:27.973000+00:00,9920,17.6,23,1267,55
2025-08-31T13:33:36.841000+00:00,9920,19.6,23,1267,23
2025-08-31T13:33:38.078000+00:00,9920,17.4,23,1267,12
2025-08-31T13:33:46.302000+00:00,9920,19.2,23,1267,10
2025-08-31T13:41:04.107000+00:00,9920,22.2,27,1267,30
2025-08-31T13:41:10.549000+00:00,9920,29.4,27,1267,55
2025-08-31T13:57:13.731000+00:00,9920,17.9,40,1267,14
2025-08-31T14:10:41.425000+00:00,9920,17.3,51,1267,12
2025-08-31T14:11:54.453000+00:00,9920,17.0,52,1267,16
2025-08-31T14:12:27.454000+00:00,9920,30.3,51,1267,55
2025-08-31T14:12:28.587000+00:00,9920,17.5,52,1267,18
2025-08-31T14:12:31.402000+00:00,9920,18.2,52,1267,31
2025-08-31T14:12:57.746000+00:00,9920,18.5,53,1267,81
2025-08-31T14:13:05.704000+00:00,9920,22.6,53,1267,4
2025-08-31T14:13:14.515000+00:00,9920,18.2,53,1267,1
2025-08-31T14:13:18.893000+00:00,9920,18.5,53,1267,6
2025-08-31T14:13:36.854000+00:00,9920,17.3,53,1267,63
2025-08-31T14:13:40.876000+00:00,9920,17.8,53,1267,23
2025-08-31T14:13:57.375000+00:00,9920,18.5,52,1267,30
2025-08-31T14:13:59.140000+00:00,9920,21.3,53,1267,12
2025-08-31T14:14:13.278000+00:00,9920,18.6,53,1267,87
2025-08-31T14:14:13.825000+00:00,9920,18.1,53,1267,22
2025-08-31T14:14:22.767000+00:00,9920,17.5,53,1267,43
2025-08-31T14:14:23.517000+00:00,9920,17.9,53,1267,27
2025-08-31T14:25:15.119000+00:00,9920,17.4,60,1267,5
2025-08-31T14:31:49.134000+00:00,9920,18.0,65,1267,43
2025-08-31T14:32:08.359000+00:00,9920,18.0,65,1267,55
2025-09-07T13:16:53.514000+00:00,9912,24.1,9,1268,30
2025-09-07T13:29:32.892000+00:00,9912,25.3,18,1268,87
2025-09-07T13:30:55.643000+00:00,9912,24.3,19,1268,22
2025-09-07T13:32:17.703000+00:00,9912,25.1,20,1268,14
2025-09-07T13:32:18.133000+00:00,9912,26.1,20,1268,5
2025-09-07T13:41:53.352000+00:00,9912,25.0,27,1268,63
2025-09-07T13:43:27.984000+00:00,9912,24.9,28,1268,12
2025-09-07T13:46:19.995000+00:00,9912,24.6,30,1268,55
2025-09-07T13:49:09.830000+00:00,9912,24.3,32,1268,6
2025-09-07T13:50:04.888000+00:00,9912,24.2,33,1268,16
2025-09-07T13:50:45.883000+00:00,9912,24.9,33,1268,43
2025-09-07T13:55:17.647000+00:00,9912,24.5,37,1268,1
2025-09-07T13:57:08.320000+00:00,9912,23.9,38,1268,44
2025-09-07T14:01:27.096000+00:00,9912,24.7,41,1268,23
2025-09-07T14:06:26.941000+00:00,9912,23.6,45,1268,81
2025-09-07T14:07:50.629000+00:00,9912,27.4,46,1268,4
2025-09-07T14:12:58.481000+00:00,9912,25.0,49,1268,10
2025-09-07T14:13:01.946000+00:00,9912,38.4,49,1268,18
2025-09-07T14:15:37.870000+00:00,9912,30.7,51,1268,31
2025-09-21T11:06:46.423000+00:00,9904,20.6,1,1269,31
2025-09-21T11:06:49.884000+00:00,9904,20.7,1,1269,23
2025-09-21T11:09:33.338000+00:00,9904,20.7,2,1269,31
2025-09-21T11:35:01.462000+00:00,9904,20.4,15,1269,23
2025-09-21T11:36:47.573000+00:00,9904,21.0,16,1269,43
2025-09-21T11:39:57.929000+00:00,9904,20.6,18,1269,12
2025-09-21T11:41:48.078000+00:00,9904,20.5,19,1269,16
2025-09-21T11:43:29.987000+00:00,9904,20.2,20,1269,30
2025-09-21T11:45:39.568000+00:00,9904,25.7,21,1269,14
2025-09-21T11:54:26.716000+00:00,9904,20.8,26,1269,5
2025-09-21T11:55:46.106000+00:00,9904,20.5,27,1269,55
2025-09-21T11:58:15.816000+00:00,9904,21.1,28,1269,87
2025-09-21T11:59:39.951000+00:00,9904,20.2,29,1269,6
2025-09-21T12:10:52.496000+00:00,9904,21.5,35,1269,10
2025-09-21T12:11:50.527000+00:00,9904,20.0,36,1269,44
2025-09-21T12:12:31.321000+00:00,9904,19.9,36,1269,27
2025-09-21T12:13:29.850000+00:00,9904,21.9,37,1269,4
2025-09-21T12:14:16.991000+00:00,9904,21.8,37,1269,18
2025-09-21T12:15:11.792000+00:00,9904,20.3,38,1269,22
2025-09-21T12:16:46.908000+00:00,9904,19.8,39,1269,63
2025-09-21T12:18:18.936000+00:00,9904,20.2,40,1269,1
2025-10-05T12:25:46.277000+00:00,9896,24.6,13,1270,22
2025-10-05T12:25:51.721000+00:00,9896,32.8,13,1270,5
2025-10-05T12:27:18.400000+00:00,9896,24.0,14,1270,43
2025-10-05T12:34:57.199000+00:00,9896,24.0,19,1270,1
2025-10-05T12:37:03.329000+00:00,9896,23.8,20,1270,6
2025-10-05T12:38:22.641000+00:00,9896,23.6,21,1270,16
2025-10-05T12:41:57.960000+00:00,9896,23.9,23,1270,87
2025-10-05T12:43:21.163000+00:00,9896,24.7,24,1270,44
2025-10-05T12:43:56.502000+00:00,9896,25.5,24,1270,10
2025-10-05T12:44:30.970000+00:00,9896,23.9,25,1270,63
2025-10-05T12:44:51.800000+00:00,9896,23.8,25,1270,12
2025-10-05T12:45:19.688000+00:00,9896,24.1,25,1270,27
2025-10-05T12:46:15.810000+00:00,9896,23.3,26,1270,4
2025-10-05T12:48:00.511000+00:00,9896,26.6,27,1270,81
2025-10-05T12:48:33.356000+00:00,9896,30.7,27,1270,14
2025-10-05T12:53:39.933000+00:00,9896,25.0,30,1270,31
2025-10-05T13:06:50.853000+00:00,9896,24.0,38,1270,18
2025-10-05T13:13:32.820000+00:00,9896,25.7,42,1270,23
2025-10-05T13:17:22.947000+00:00,9896,31.8,44,1270,27
2025-10-05T13:19:00.893000+00:00,9896,23.3,46,1270,44
2025-10-05T13:23:18.239000+00:00,9896,24.0,48,1270,30
2025-10-05T13:26:35.223000+00:00,9896,24.0,50,1270,55
2025-10-05T13:28:40.212000+00:00,9896,25.1,51,1270,10
2025-10-19T19:16:40.229000+00:00,9888,23.7,7,1271,23
2025-10-19T19:28:52.890000+00:00,9888,25.5,14,1271,5
2025-10-19T19:41:52.595000+00:00,9888,23.7,22,1271,16
2025-10-19T19:45:54.418000+00:00,9888,25.0,24,1271,31
2025-10-19T19:50:53.659000+00:00,9888,26.6,27,1271,10
2025-10-19T19:52:29.254000+00:00,9888,24.1,28,1271,18
2025-10-19T19:52:41.407000+00:00,9888,23.8,28,1271,6
2025-10-19T19:53:50.754000+00:00,9888,24.5,29,1271,22
2025-10-19T19:55:20.165000+00:00,9888,23.4,30,1271,81
2025-10-19T19:55:32.526000+00:00,9888,24.1,30,1271,87
2025-10-19T19:55:43.927000+00:00,9888,24.0,30,1271,14
2025-10-19T19:55:46.292000+00:00,9888,23.6,30,1271,30
2025-10-19T19:56:56.549000+00:00,9888,23.9,31,1271,44
2025-10-19T19:57:34.602000+00:00,9888,23.9,31,1271,12
2025-10-19T19:58:29.191000+00:00,9888,24.5,32,1271,4
2025-10-19T19:59:24.531000+00:00,9888,24.0,32,1271,43
2025-10-19T19:59:59.008000+00:00,9888,23.9,33,1271,1
2025-10-19T20:00:24.102000+00:00,9888,23.5,33,1271,63
2025-10-19T20:00:34.340000+00:00,9888,23.7,33,1271,27
2025-10-19T20:06:00.054000+00:00,9888,24.5,36,1271,23
2025-10-19T20:06:12.142000+00:00,9888,24.0,36,1271,5
