meeting_key,session_key,stint_number,driver_number,lap_start,lap_end,compound,tyre_age_at_start
1254,9693,1,18,1.0,2.0,INTERMEDIATE,0
1254,9693,1,12,1.0,2.0,INTERMEDIATE,0
1254,9693,1,14,1.0,2.0,INTERMEDIATE,0
1254,9693,1,63,1.0,2.0,INTERMEDIATE,0
1254,9693,1,7,,,INTERMEDIATE,0
1254,9693,1,4,1.0,2.0,INTERMEDIATE,0
1254,9693,1,27,1.0,2.0,INTERMEDIATE,0
1254,9693,1,55,,,INTERMEDIATE,0
1254,9693,1,31,1.0,2.0,INTERMEDIATE,0
1254,9693,1,22,1.0,2.0,INTERMEDIATE,0
1254,9693,1,10,1.0,2.0,INTERMEDIATE,0
1254,9693,1,44,1.0,2.0,INTERMEDIATE,0
1254,9693,1,1,1.0,2.0,INTERMEDIATE,0
1254,9693,1,6,,,INTERMEDIATE,0
1254,9693,1,23,1.0,2.0,INTERMEDIATE,0
1254,9693,1,30,,,INTERMEDIATE,0
1254,9693,1,16,1.0,2.0,INTERMEDIATE,0
1254,9693,1,81,1.0,2.0,INTERMEDIATE,0
1254,9693,1,87,1.0,2.0,INTERMEDIATE,0
1254,9693,1,5,1.0,2.0,INTERMEDIATE,0
1254,9693,2,30,,,INTERMEDIATE,0
1254,9693,3,30,1.0,2.0,INTERMEDIATE,0
1254,9693,2,4,2.0,3.0,INTERMEDIATE,0
1254,9693,2,1,2.0,3.0,INTERMEDIATE,2
1254,9693,2,81,2.0,3.0,INTERMEDIATE,0
1254,9693,2,63,2.0,3.0,INTERMEDIATE,2
1254,9693,2,16,2.0,3.0,INTERMEDIATE,2
1254,9693,2,23,2.0,3.0,INTERMEDIATE,0
1254,9693,2,22,2.0,3.0,INTERMEDIATE,2
1254,9693,2,10,2.0,3.0,INTERMEDIATE,0
1254,9693,2,44,2.0,3.0,INTERMEDIATE,2
1254,9693,2,14,2.0,3.0,INTERMEDIATE,2
1254,9693,2,27,2.0,3.0,INTERMEDIATE,0
1254,9693,2,18,2.0,3.0,INTERMEDIATE,2
1254,9693,2,5,2.0,2.0,INTERMEDIATE,0
1254,9693,2,31,2.0,3.0,INTERMEDIATE,2
1254,9693,2,12,2.0,3.0,INTERMEDIATE,2
1254,9693,4,30,2.0,3.0,INTERMEDIATE,2
1254,9693,2,87,2.0,2.0,INTERMEDIATE,0
1254,9693,3,5,3.0,3.0,INTERMEDIATE,0
1254,9693,3,87,3.0,3.0,INTERMEDIATE,0
1254,9693,3,1,3.0,4.0,INTERMEDIATE,0
1254,9693,3,4,3.0,4.0,INTERMEDIATE,0
1254,9693,3,81,3.0,4.0,INTERMEDIATE,0
1254,9693,3,63,3.0,4.0,INTERMEDIATE,3
1254,9693,3,16,3.0,4.0,INTERMEDIATE,3
1254,9693,3,22,3.0,4.0,INTERMEDIATE,0
1254,9693,3,23,3.0,4.0,INTERMEDIATE,1
1254,9693,3,44,3.0,4.0,INTERMEDIATE,3
1254,9693,3,14,3.0,4.0,INTERMEDIATE,3
1254,9693,3,10,3.0,4.0,INTERMEDIATE,3
1254,9693,3,27,3.0,4.0,INTERMEDIATE,3
1254,9693,3,18,3.0,4.0,INTERMEDIATE,3
1254,9693,3,12,3.0,4.0,INTERMEDIATE,0
1254,9693,4,5,3.0,3.0,INTERMEDIATE,0
1254,9693,3,31,3.0,4.0,INTERMEDIATE,3
1254,9693,4,87,3.0,3.0,INTERMEDIATE,0
1254,9693,5,30,3.0,4.0,INTERMEDIATE,3
1254,9693,5,5,4.0,4.0,INTERMEDIATE,3
1254,9693,5,87,4.0,4.0,INTERMEDIATE,3
1254,9693,4,4,4.0,34.0,INTERMEDIATE,0
1254,9693,4,1,4.0,34.0,INTERMEDIATE,0
1254,9693,4,63,4.0,34.0,INTERMEDIATE,4
1254,9693,4,81,4.0,34.0,INTERMEDIATE,0
1254,9693,4,22,4.0,33.0,INTERMEDIATE,0
1254,9693,4,16,4.0,34.0,INTERMEDIATE,4
1254,9693,4,23,4.0,33.0,INTERMEDIATE,2
1254,9693,4,44,4.0,33.0,INTERMEDIATE,4
1254,9693,4,14,4.0,32.0,INTERMEDIATE,4
1254,9693,4,10,4.0,33.0,INTERMEDIATE,4
1254,9693,4,27,4.0,33.0,INTERMEDIATE,4
1254,9693,4,18,4.0,33.0,INTERMEDIATE,4
1254,9693,6,5,4.0,44.0,MEDIUM,4
1254,9693,4,12,4.0,33.0,INTERMEDIATE,4
1254,9693,6,30,4.0,33.0,INTERMEDIATE,0
1254,9693,4,31,4.0,39.0,INTERMEDIATE,0
1254,9693,6,87,4.0,44.0,MEDIUM,0
1254,9693,5,44,33.0,47.0,HARD,1
1254,9693,5,23,33.0,44.0,MEDIUM,0
1254,9693,5,22,33.0,47.0,MEDIUM,0
1254,9693,5,10,33.0,46.0,HARD,0
1254,9693,5,12,33.0,44.0,HARD,0
1254,9693,5,18,33.0,44.0,HARD,1
1254,9693,5,27,33.0,44.0,MEDIUM,0
1254,9693,5,4,34.0,44.0,HARD,1
1254,9693,5,81,34.0,44.0,HARD,1
1254,9693,7,30,33.0,46.0,MEDIUM,0
1254,9693,5,1,34.0,46.0,MEDIUM,0
1254,9693,5,63,34.0,44.0,HARD,0
1254,9693,5,16,34.0,47.0,HARD,1
1254,9693,5,31,39.0,46.0,MEDIUM,0
1254,9693,6,4,44.0,57.0,INTERMEDIATE,0
1254,9693,6,23,44.0,57.0,INTERMEDIATE,0
1254,9693,6,63,44.0,57.0,INTERMEDIATE,0
1254,9693,6,18,44.0,57.0,INTERMEDIATE,0
1254,9693,6,27,44.0,57.0,INTERMEDIATE,0
1254,9693,6,12,44.0,57.0,INTERMEDIATE,0
1254,9693,7,5,44.0,45.0,INTERMEDIATE,0
1254,9693,6,81,44.0,57.0,INTERMEDIATE,0
1254,9693,7,87,44.0,57.0,INTERMEDIATE,0
1254,9693,6,1,46.0,57.0,INTERMEDIATE,0
1254,9693,6,10,46.0,57.0,INTERMEDIATE,0
1254,9693,6,31,46.0,57.0,INTERMEDIATE,0
1254,9693,6,44,47.0,57.0,INTERMEDIATE,0
1254,9693,6,22,47.0,57.0,INTERMEDIATE,0
1254,9693,6,16,47.0,57.0,INTERMEDIATE,0
1255,9998,1,23,1.0,20.0,MEDIUM,0
1255,9998,1,14,1.0,4.0,MEDIUM,5
1255,9998,1,16,1.0,15.0,MEDIUM,0
1255,9998,1,27,1.0,20.0,MEDIUM,0
1255,9998,1,18,1.0,36.0,HARD,0
1255,9998,1,7,1.0,11.0,MEDIUM,0
1255,9998,1,44,1.0,13.0,MEDIUM,0
1255,9998,1,55,1.0,17.0,MEDIUM,0
1255,9998,1,22,1.0,11.0,MEDIUM,0
1255,9998,1,30,1.0,18.0,HARD,0
1255,9998,1,1,1.0,13.0,MEDIUM,0
1255,9998,1,6,1.0,12.0,MEDIUM,0
1255,9998,1,63,1.0,14.0,MEDIUM,0
1255,9998,1,10,1.0,10.0,MEDIUM,0
1255,9998,1,5,1.0,1.0,MEDIUM,0
1255,9998,1,12,1.0,12.0,MEDIUM,0
1255,9998,1,31,1.0,11.0,MEDIUM,0
1255,9998,1,81,1.0,14.0,MEDIUM,0
1255,9998,1,87,1.0,26.0,HARD,0
1255,9998,1,4,1.0,15.0,MEDIUM,0
1255,9998,2,5,2.0,26.0,HARD,0
1255,9998,2,10,11.0,56.0,HARD,0
1255,9998,2,22,12.0,35.0,HARD,0
1255,9998,2,31,12.0,56.0,HARD,0
1255,9998,2,7,12.0,56.0,HARD,0
1255,9998,2,6,13.0,33.0,HARD,0
1255,9998,2,12,13.0,56.0,HARD,0
1255,9998,2,44,14.0,37.0,HARD,0
1255,9998,2,1,14.0,56.0,HARD,0
1255,9998,2,81,15.0,56.0,HARD,0
1255,9998,2,63,15.0,56.0,HARD,0
1255,9998,2,4,16.0,56.0,HARD,0
1255,9998,2,16,16.0,56.0,HARD,0
1255,9998,2,55,18.0,56.0,HARD,0
1255,9998,2,30,19.0,30.0,MEDIUM,0
1255,9998,2,23,21.0,56.0,HARD,0
1255,9998,2,27,21.0,55.0,HARD,0
1255,9998,2,87,27.0,56.0,MEDIUM,0
1255,9998,3,5,27.0,55.0,HARD,0
1255,9998,3,30,31.0,56.0,HARD,0
1255,9998,3,6,34.0,56.0,HARD,0
1255,9998,3,22,36.0,46.0,HARD,0
1255,9998,2,18,37.0,56.0,MEDIUM,0
1255,9998,3,44,38.0,56.0,HARD,0
1255,9998,4,22,47.0,55.0,MEDIUM,6
1256,10006,1,12,1.0,31.0,MEDIUM,0
1256,10006,1,63,1.0,19.0,MEDIUM,0
1256,10006,1,7,1.0,15.0,SOFT,0
1256,10006,1,18,1.0,9.0,SOFT,0
1256,10006,1,14,1.0,24.0,MEDIUM,1
1256,10006,1,23,1.0,24.0,MEDIUM,0
1256,10006,1,4,1.0,21.0,MEDIUM,0
1256,10006,1,55,1.0,33.0,MEDIUM,0
1256,10006,1,44,1.0,30.0,HARD,0
1256,10006,1,10,1.0,24.0,MEDIUM,0
1256,10006,1,30,1.0,33.0,MEDIUM,0
1256,10006,1,81,1.0,20.0,MEDIUM,0
1256,10006,1,5,1.0,31.0,HARD,0
1256,10006,1,31,1.0,32.0,HARD,1
1256,10006,1,6,1.0,25.0,MEDIUM,0
1256,10006,1,1,1.0,21.0,MEDIUM,0
1256,10006,1,16,1.0,21.0,MEDIUM,0
1256,10006,1,87,1.0,23.0,MEDIUM,0
1256,10006,1,27,1.0,22.0,MEDIUM,0
1256,10006,1,22,1.0,23.0,MEDIUM,0
1256,10006,2,18,10.0,30.0,HARD,1
1256,10006,2,7,16.0,53.0,HARD,0
1256,10006,2,63,20.0,53.0,HARD,0
1256,10006,2,81,21.0,53.0,HARD,0
1256,10006,2,1,22.0,53.0,HARD,0
1256,10006,2,4,22.0,53.0,HARD,0
1256,10006,2,16,22.0,53.0,HARD,0
1256,10006,2,27,23.0,53.0,HARD,0
1256,10006,2,87,24.0,53.0,HARD,1
1256,10006,2,22,24.0,53.0,HARD,0
1256,10006,2,23,25.0,53.0,HARD,0
1256,10006,2,14,25.0,53.0,HARD,1
1256,10006,2,10,25.0,53.0,HARD,0
1256,10006,2,6,26.0,53.0,HARD,0
1256,10006,2,44,31.0,53.0,MEDIUM,0
1256,10006,3,18,31.0,52.0,MEDIUM,0
1256,10006,2,12,32.0,53.0,HARD,0
1256,10006,2,5,32.0,53.0,MEDIUM,0
1256,10006,2,31,33.0,53.0,MEDIUM,0
1256,10006,2,55,34.0,53.0,SOFT,0
1256,10006,2,30,34.0,53.0,SOFT,0
1257,10014,1,18,1.0,12.0,SOFT,0
1257,10014,1,4,1.0,10.0,SOFT,3
1257,10014,1,55,1.0,14.0,SOFT,3
1257,10014,1,44,1.0,17.0,MEDIUM,0
1257,10014,1,30,1.0,14.0,MEDIUM,0
1257,10014,1,5,1.0,13.0,MEDIUM,0
1257,10014,1,14,1.0,16.0,MEDIUM,0
1257,10014,1,10,1.0,10.0,SOFT,3
1257,10014,1,81,1.0,14.0,SOFT,3
1257,10014,1,16,1.0,17.0,MEDIUM,0
1257,10014,1,22,1.0,11.0,SOFT,3
1257,10014,1,87,1.0,14.0,SOFT,0
1257,10014,1,31,1.0,8.0,SOFT,0
1257,10014,1,6,1.0,6.0,SOFT,0
1257,10014,1,12,1.0,12.0,SOFT,3
1257,10014,1,63,1.0,13.0,SOFT,3
1257,10014,1,7,1.0,9.0,SOFT,0
1257,10014,1,27,1.0,5.0,SOFT,0
1257,10014,1,23,1.0,16.0,SOFT,0
1257,10014,1,1,1.0,10.0,SOFT,3
1257,10014,2,27,6.0,27.0,MEDIUM,0
1257,10014,2,6,7.0,28.0,MEDIUM,0
1257,10014,2,31,9.0,27.0,MEDIUM,0
1257,10014,2,7,10.0,28.0,MEDIUM,0
1257,10014,2,4,11.0,32.0,MEDIUM,0
1257,10014,2,1,11.0,26.0,HARD,0
1257,10014,2,10,11.0,28.0,MEDIUM,0
1257,10014,2,22,12.0,32.0,MEDIUM,0
1257,10014,2,12,13.0,27.0,MEDIUM,0
1257,10014,2,18,13.0,32.0,MEDIUM,0
1257,10014,2,63,14.0,32.0,MEDIUM,0
1257,10014,2,5,14.0,32.0,HARD,0
1257,10014,2,81,15.0,32.0,MEDIUM,0
1257,10014,2,55,15.0,32.0,MEDIUM,0
1257,10014,2,87,15.0,32.0,HARD,0
1257,10014,2,30,15.0,32.0,HARD,0
1257,10014,2,23,17.0,32.0,HARD,0
1257,10014,2,14,17.0,32.0,MEDIUM,0
1257,10014,2,16,18.0,32.0,MEDIUM,0
1257,10014,2,44,18.0,32.0,MEDIUM,0
1257,10014,3,1,27.0,57.0,MEDIUM,0
1257,10014,3,12,28.0,32.0,SOFT,3
1257,10014,3,31,28.0,57.0,HARD,0
1257,10014,3,27,28.0,57.0,MEDIUM,0
1257,10014,3,10,29.0,57.0,HARD,0
1257,10014,3,7,29.0,57.0,HARD,0
1257,10014,3,6,29.0,57.0,HARD,0
1257,10014,3,81,33.0,57.0,MEDIUM,0
1257,10014,3,63,33.0,57.0,SOFT,3
1257,10014,3,16,33.0,57.0,HARD,0
1257,10014,3,4,33.0,57.0,MEDIUM,0
1257,10014,3,44,33.0,57.0,HARD,0
1257,10014,3,55,33.0,44.0,HARD,0
1257,10014,3,22,33.0,57.0,SOFT,0
1257,10014,3,87,33.0,57.0,SOFT,0
1257,10014,4,12,33.0,57.0,SOFT,3
1257,10014,3,23,33.0,57.0,MEDIUM,0
1257,10014,3,14,33.0,57.0,HARD,0
1257,10014,3,30,33.0,57.0,SOFT,0
1257,10014,3,18,33.0,57.0,HARD,0
1257,10014,3,5,33.0,57.0,MEDIUM,0
1257,10014,4,55,45.0,45.0,SOFT,3
1258,10022,1,10,,,MEDIUM,0
1258,10022,1,7,1.0,1.0,MEDIUM,0
1258,10022,1,31,1.0,1.0,MEDIUM,0
1258,10022,1,5,1.0,1.0,MEDIUM,0
1258,10022,1,22,1.0,1.0,MEDIUM,0
1258,10022,1,87,1.0,18.0,MEDIUM,0
1258,10022,1,81,1.0,19.0,MEDIUM,0
1258,10022,1,12,1.0,19.0,MEDIUM,0
1258,10022,1,14,1.0,19.0,MEDIUM,1
1258,10022,1,63,1.0,20.0,MEDIUM,0
1258,10022,1,30,1.0,20.0,MEDIUM,0
1258,10022,1,1,1.0,21.0,MEDIUM,0
1258,10022,1,55,1.0,21.0,MEDIUM,0
1258,10022,1,23,1.0,22.0,MEDIUM,0
1258,10022,1,44,1.0,23.0,MEDIUM,0
1258,10022,1,16,1.0,29.0,MEDIUM,0
1258,10022,2,7,2.0,32.0,HARD,0
1258,10022,1,27,1.0,33.0,HARD,0
1258,10022,1,4,1.0,34.0,HARD,0
1258,10022,1,6,1.0,34.0,HARD,0
1258,10022,1,18,1.0,39.0,HARD,1
1258,10022,2,81,20.0,50.0,HARD,0
1258,10022,2,1,22.0,50.0,HARD,0
1258,10022,2,27,34.0,49.0,MEDIUM,0
1258,10022,2,18,40.0,49.0,MEDIUM,1
1258,10022,2,16,30.0,50.0,HARD,0
1258,10022,2,4,35.0,50.0,MEDIUM,0
1258,10022,3,7,33.0,49.0,HARD,0
1258,10022,2,5,2.0,49.0,HARD,0
1258,10022,2,63,21.0,50.0,HARD,0
1258,10022,2,12,20.0,50.0,HARD,0
1258,10022,2,44,24.0,50.0,HARD,0
1258,10022,2,55,22.0,50.0,HARD,0
1258,10022,2,23,23.0,50.0,HARD,0
1258,10022,2,6,35.0,50.0,MEDIUM,0
1258,10022,2,30,21.0,50.0,HARD,1
1258,10022,2,14,20.0,50.0,HARD,1
1258,10022,2,87,19.0,50.0,HARD,0
1258,10022,2,31,2.0,50.0,HARD,0
1259,10033,1,1,1.0,32.0,MEDIUM,24
1259,10033,1,12,1.0,32.0,MEDIUM,24
1259,10033,1,81,1.0,32.0,MEDIUM,24
1259,10033,1,63,1.0,32.0,HARD,24
1259,10033,1,23,1.0,32.0,MEDIUM,24
1259,10033,1,4,1.0,32.0,MEDIUM,24
1259,10033,1,55,1.0,32.0,MEDIUM,30
1259,10033,1,16,1.0,32.0,MEDIUM,24
1259,10033,1,22,1.0,32.0,MEDIUM,24
1259,10033,1,31,1.0,23.0,MEDIUM,23
1259,10033,1,6,1.0,23.0,MEDIUM,22
1259,10033,1,44,1.0,32.0,HARD,23
1259,10033,1,5,1.0,23.0,MEDIUM,19
1259,10033,1,27,1.0,36.0,HARD,23
1259,10033,1,18,1.0,23.0,MEDIUM,21
1259,10033,1,87,1.0,27.0,HARD,23
1259,10033,1,14,1.0,32.0,HARD,24
1259,10033,1,10,1.0,32.0,HARD,23
1259,10033,1,30,1.0,31.0,HARD,23
1259,10033,2,5,24.0,30.0,HARD,4
1259,10033,2,31,24.0,57.0,HARD,0
1259,10033,2,6,24.0,57.0,HARD,1
1259,10033,2,18,24.0,56.0,HARD,4
1259,10033,1,7,1.0,1.0,MEDIUM,0
1259,10033,2,63,33.0,57.0,MEDIUM,3
1259,10033,2,14,33.0,56.0,MEDIUM,5
1259,10033,2,10,33.0,57.0,MEDIUM,0
1259,10033,2,81,33.0,57.0,HARD,3
1259,10033,2,12,33.0,57.0,HARD,7
1259,10033,2,23,33.0,57.0,HARD,6
1259,10033,2,16,33.0,57.0,HARD,3
1259,10033,2,22,33.0,57.0,HARD,5
1259,10033,2,4,33.0,57.0,HARD,3
1259,10033,2,55,33.0,57.0,HARD,7
1259,10033,2,44,33.0,57.0,MEDIUM,4
1259,10033,2,30,32.0,36.0,MEDIUM,3
1259,10033,2,1,33.0,57.0,HARD,6
1259,10033,2,27,37.0,56.0,MEDIUM,0
1260,9987,1,31,1.0,1.0,MEDIUM,0
1260,9987,1,10,1.0,9.0,MEDIUM,0
1260,9987,1,16,1.0,10.0,MEDIUM,0
1260,9987,1,30,1.0,10.0,MEDIUM,0
1260,9987,1,63,1.0,11.0,MEDIUM,3
1260,9987,1,55,1.0,11.0,MEDIUM,0
1260,9987,1,14,1.0,12.0,MEDIUM,3
1260,9987,1,5,1.0,12.0,MEDIUM,0
1260,9987,1,81,1.0,13.0,MEDIUM,0
1260,9987,1,18,1.0,14.0,MEDIUM,3
1260,9987,1,43,1.0,22.0,MEDIUM,0
1260,9987,2,31,2.0,27.0,HARD,0
1260,9987,1,4,1.0,28.0,MEDIUM,0
1260,9987,1,1,1.0,29.0,MEDIUM,0
1260,9987,1,23,1.0,29.0,MEDIUM,0
1260,9987,1,6,1.0,29.0,MEDIUM,0
1260,9987,1,12,1.0,29.0,HARD,0
1260,9987,1,44,1.0,29.0,HARD,0
1260,9987,2,16,11.0,29.0,HARD,0
1260,9987,1,27,1.0,29.0,HARD,0
1260,9987,1,87,1.0,29.0,HARD,0
1260,9987,2,63,12.0,29.0,HARD,0
1260,9987,1,22,1.0,29.0,HARD,0
1260,9987,2,55,12.0,29.0,HARD,0
1260,9987,2,10,10.0,29.0,HARD,0
1260,9987,2,30,11.0,29.0,HARD,0
1260,9987,2,5,13.0,29.0,HARD,0
1260,9987,2,81,14.0,30.0,HARD,0
1260,9987,2,87,30.0,31.0,MEDIUM,0
1260,9987,2,12,30.0,44.0,MEDIUM,0
1260,9987,2,1,30.0,46.0,HARD,0
1260,9987,2,4,29.0,46.0,HARD,0
1260,9987,2,44,30.0,46.0,MEDIUM,0
1260,9987,2,6,30.0,46.0,HARD,0
1260,9987,2,14,13.0,46.0,HARD,1
1260,9987,2,18,15.0,46.0,HARD,1
1260,9987,2,43,23.0,46.0,HARD,0
1260,9987,3,5,30.0,46.0,HARD,0
1260,9987,2,23,30.0,47.0,HARD,0
1260,9987,3,1,47.0,63.0,HARD,0
1260,9987,3,4,47.0,63.0,HARD,1
1260,9987,3,81,31.0,63.0,HARD,0
1260,9987,3,44,47.0,63.0,HARD,0
1260,9987,3,23,48.0,63.0,HARD,0
1260,9987,3,16,30.0,63.0,HARD,0
1260,9987,3,63,30.0,63.0,HARD,0
1260,9987,3,55,30.0,63.0,HARD,0
1260,9987,3,6,47.0,63.0,HARD,0
1260,9987,2,22,30.0,63.0,MEDIUM,0
1260,9987,3,14,47.0,63.0,MEDIUM,4
1260,9987,2,27,30.0,63.0,MEDIUM,0
1260,9987,3,10,30.0,63.0,HARD,0
1260,9987,3,30,30.0,63.0,HARD,0
1260,9987,3,18,47.0,63.0,MEDIUM,6
1260,9987,3,43,47.0,63.0,HARD,0
1260,9987,3,87,32.0,63.0,HARD,0
1260,9987,4,5,47.0,63.0,MEDIUM,12
1261,9979,1,22,1.0,0.0,SOFT,0
1261,9979,1,10,1.0,0.0,MEDIUM,6
1261,9979,1,87,1.0,0.0,MEDIUM,0
1261,9979,1,5,1.0,0.0,MEDIUM,0
1261,9979,2,10,1.0,7.0,MEDIUM,0
1261,9979,1,27,1.0,11.0,MEDIUM,0
1261,9979,1,43,1.0,12.0,HARD,0
1261,9979,1,6,1.0,13.0,MEDIUM,0
1261,9979,1,14,1.0,15.0,HARD,1
1261,9979,1,31,1.0,15.0,MEDIUM,0
1261,9979,1,18,1.0,16.0,HARD,1
1261,9979,2,87,1.0,16.0,HARD,0
1261,9979,1,44,1.0,17.0,HARD,0
1261,9979,1,4,1.0,18.0,MEDIUM,0
1261,9979,2,6,14.0,18.0,SOFT,3
1261,9979,1,81,1.0,19.0,MEDIUM,0
1261,9979,1,16,1.0,21.0,MEDIUM,0
1261,9979,2,43,13.0,25.0,MEDIUM,7
1261,9979,2,5,1.0,25.0,HARD,0
1261,9979,1,1,1.0,27.0,HARD,0
1261,9979,2,31,16.0,27.0,MEDIUM,4
1261,9979,1,30,1.0,30.0,MEDIUM,6
1261,9979,1,23,1.0,31.0,MEDIUM,4
1261,9979,2,14,16.0,36.0,HARD,1
1261,9979,3,5,26.0,34.0,SOFT,0
1261,9979,2,23,32.0,39.0,MEDIUM,8
1261,9979,2,30,31.0,39.0,SOFT,3
1261,9979,2,27,12.0,43.0,HARD,0
1261,9979,2,81,20.0,47.0,HARD,0
1261,9979,2,16,22.0,48.0,HARD,0
1261,9979,1,55,1.0,47.0,HARD,0
1261,9979,2,4,19.0,49.0,HARD,0
1261,9979,2,55,48.0,52.0,MEDIUM,0
1261,9979,1,63,1.0,52.0,HARD,0
1261,9979,2,44,18.0,55.0,HARD,1
1261,9979,2,18,17.0,63.0,HARD,1
1261,9979,2,63,53.0,67.0,MEDIUM,53
1261,9979,1,12,1.0,68.0,HARD,0
1261,9979,2,12,69.0,70.0,MEDIUM,0
1261,9979,2,22,1.0,72.0,HARD,0
1261,9979,2,1,28.0,76.0,MEDIUM,0
1261,9979,3,4,50.0,78.0,HARD,0
1261,9979,3,16,49.0,78.0,MEDIUM,0
1261,9979,3,81,48.0,78.0,HARD,0
1261,9979,3,12,71.0,75.0,HARD,0
1261,9979,3,23,40.0,76.0,HARD,0
1261,9979,3,55,53.0,76.0,MEDIUM,8
1261,9979,3,1,77.0,78.0,SOFT,3
1261,9979,3,63,68.0,76.0,HARD,0
1261,9979,3,44,56.0,78.0,MEDIUM,0
1261,9979,3,87,17.0,76.0,MEDIUM,0
1261,9979,3,43,26.0,76.0,MEDIUM,0
1261,9979,3,6,19.0,77.0,HARD,1
1261,9979,3,31,28.0,77.0,HARD,0
1261,9979,3,30,40.0,77.0,HARD,1
1261,9979,4,5,35.0,76.0,MEDIUM,0
1261,9979,3,18,64.0,76.0,MEDIUM,1
1261,9979,3,27,44.0,76.0,SOFT,0
1261,9979,3,22,73.0,76.0,MEDIUM,0
1262,9971,1,23,1.0,6.0,SOFT,3
1262,9971,1,87,1.0,8.0,SOFT,0
1262,9971,1,22,1.0,8.0,MEDIUM,0
1262,9971,1,27,1.0,9.0,SOFT,0
1262,9971,1,55,1.0,9.0,SOFT,0
1262,9971,1,10,1.0,10.0,SOFT,2
1262,9971,1,1,1.0,13.0,SOFT,3
1262,9971,1,43,1.0,14.0,SOFT,0
1262,9971,1,14,1.0,15.0,SOFT,2
1262,9971,1,44,1.0,16.0,SOFT,3
1262,9971,1,16,1.0,17.0,SOFT,1
1262,9971,1,30,1.0,18.0,SOFT,0
1262,9971,1,6,1.0,19.0,SOFT,3
1262,9971,1,5,1.0,19.0,SOFT,3
1262,9971,1,63,1.0,20.0,SOFT,3
1262,9971,1,31,1.0,20.0,SOFT,0
1262,9971,1,4,1.0,21.0,SOFT,0
1262,9971,1,12,1.0,21.0,SOFT,3
1262,9971,1,81,1.0,22.0,SOFT,0
1262,9971,2,22,9.0,24.0,SOFT,0
1262,9971,2,23,7.0,26.0,SOFT,0
1262,9971,3,23,27.0,27.0,SOFT,20
1262,9971,2,1,14.0,29.0,SOFT,0
1262,9971,2,10,11.0,31.0,SOFT,3
1262,9971,2,55,10.0,34.0,SOFT,0
1262,9971,2,87,9.0,35.0,MEDIUM,0
1262,9971,2,16,18.0,40.0,MEDIUM,0
1262,9971,2,43,15.0,39.0,MEDIUM,0
1262,9971,2,63,21.0,41.0,MEDIUM,0
1262,9971,2,14,16.0,42.0,MEDIUM,1
1262,9971,2,31,21.0,43.0,MEDIUM,0
1262,9971,2,30,19.0,44.0,MEDIUM,0
1262,9971,3,22,25.0,44.0,SOFT,0
1262,9971,2,27,10.0,45.0,MEDIUM,0
1262,9971,2,44,17.0,46.0,MEDIUM,0
1262,9971,3,1,30.0,47.0,MEDIUM,0
1262,9971,2,4,22.0,48.0,MEDIUM,0
1262,9971,2,6,20.0,48.0,MEDIUM,0
1262,9971,2,81,23.0,49.0,MEDIUM,0
1262,9971,2,12,22.0,49.0,MEDIUM,0
1262,9971,2,5,20.0,49.0,MEDIUM,0
1262,9971,3,12,50.0,53.0,SOFT,3
1262,9971,3,81,50.0,55.0,SOFT,3
1262,9971,3,4,49.0,55.0,SOFT,3
1262,9971,4,1,48.0,55.0,SOFT,3
1262,9971,3,14,43.0,54.0,SOFT,3
1262,9971,3,87,36.0,54.0,MEDIUM,0
1262,9971,4,22,45.0,54.0,SOFT,0
1262,9971,3,16,41.0,55.0,MEDIUM,0
1262,9971,3,63,42.0,55.0,SOFT,0
1262,9971,3,44,47.0,55.0,SOFT,3
1262,9971,3,43,40.0,54.0,SOFT,0
1262,9971,3,6,49.0,55.0,SOFT,0
1262,9971,3,10,32.0,55.0,MEDIUM,0
1262,9971,3,55,35.0,55.0,MEDIUM,0
1262,9971,3,27,46.0,56.0,SOFT,0
1262,9971,4,81,56.0,66.0,SOFT,3
1262,9971,4,4,56.0,66.0,SOFT,3
1262,9971,4,16,56.0,66.0,SOFT,3
1262,9971,4,63,56.0,66.0,SOFT,0
1262,9971,5,1,56.0,66.0,HARD,0
1262,9971,4,27,57.0,66.0,SOFT,0
1262,9971,4,44,56.0,66.0,SOFT,3
1262,9971,4,6,56.0,66.0,SOFT,3
1262,9971,4,10,56.0,66.0,SOFT,3
1262,9971,4,14,55.0,66.0,SOFT,3
1262,9971,3,30,45.0,66.0,SOFT,0
1262,9971,3,5,50.0,66.0,SOFT,0
1262,9971,4,87,55.0,66.0,SOFT,6
1262,9971,5,22,55.0,66.0,SOFT,3
1262,9971,4,55,56.0,66.0,SOFT,0
1262,9971,4,43,55.0,66.0,SOFT,1
1262,9971,3,31,44.0,66.0,MEDIUM,0
1263,9963,1,1,1.0,11.0,MEDIUM,3
1263,9963,1,63,1.0,12.0,MEDIUM,3
1263,9963,1,6,1.0,12.0,MEDIUM,0
1263,9963,1,12,1.0,13.0,MEDIUM,6
1263,9963,1,43,1.0,13.0,MEDIUM,5
1263,9963,1,44,1.0,14.0,MEDIUM,0
1263,9963,1,14,1.0,14.0,MEDIUM,4
1263,9963,1,81,1.0,15.0,MEDIUM,0
1263,9963,1,87,1.0,17.0,MEDIUM,0
1263,9963,1,27,1.0,18.0,MEDIUM,0
1263,9963,1,23,1.0,22.0,MEDIUM,4
1263,9963,1,18,1.0,23.0,HARD,1
1263,9963,1,16,1.0,27.0,HARD,0
1263,9963,1,4,1.0,28.0,HARD,0
1263,9963,2,1,12.0,36.0,HARD,0
1263,9963,2,12,14.0,37.0,HARD,1
1263,9963,1,30,1.0,37.0,HARD,1
1263,9963,2,63,13.0,41.0,HARD,1
1263,9963,2,81,16.0,44.0,HARD,0
1263,9963,2,44,15.0,44.0,HARD,0
1263,9963,2,23,23.0,46.0,HARD,0
1263,9963,2,4,29.0,46.0,MEDIUM,0
1263,9963,1,5,1.0,48.0,HARD,0
1263,9963,2,14,15.0,49.0,HARD,1
1263,9963,2,18,24.0,50.0,HARD,1
1263,9963,2,16,28.0,52.0,HARD,0
1263,9963,1,10,1.0,52.0,HARD,0
1263,9963,2,30,38.0,53.0,MEDIUM,0
1263,9963,1,22,1.0,55.0,HARD,0
1263,9963,1,31,1.0,56.0,HARD,0
1263,9963,1,55,1.0,56.0,HARD,0
1263,9963,3,4,47.0,66.0,HARD,0
1263,9963,3,14,50.0,65.0,HARD,1
1263,9963,3,63,42.0,66.0,HARD,0
1263,9963,2,27,19.0,65.0,HARD,0
1263,9963,3,1,37.0,66.0,HARD,0
1263,9963,3,12,38.0,66.0,HARD,0
1263,9963,2,55,57.0,65.0,MEDIUM,0
1263,9963,2,31,57.0,65.0,MEDIUM,0
1263,9963,3,81,45.0,66.0,HARD,0
1263,9963,3,16,53.0,66.0,MEDIUM,0
1263,9963,2,87,18.0,65.0,HARD,0
1263,9963,2,22,56.0,65.0,MEDIUM,0
1263,9963,2,10,53.0,65.0,MEDIUM,0
1263,9963,2,43,14.0,65.0,HARD,0
1263,9963,2,5,49.0,65.0,MEDIUM,0
1263,9963,3,18,51.0,65.0,MEDIUM,0
1263,9963,2,6,13.0,65.0,HARD,1
1263,9963,3,44,45.0,66.0,HARD,0
1263,9963,3,27,66.0,66.0,HARD,47
1263,9963,4,14,66.0,66.0,HARD,17
1263,9963,4,1,67.0,67.0,HARD,0
1263,9963,4,63,67.0,67.0,HARD,25
1263,9963,4,12,67.0,67.0,HARD,29
1263,9963,4,81,67.0,67.0,SOFT,0
1263,9963,3,55,66.0,66.0,MEDIUM,9
1263,9963,3,31,66.0,66.0,MEDIUM,9
1263,9963,4,16,67.0,67.0,MEDIUM,14
1263,9963,3,22,66.0,66.0,MEDIUM,10
1263,9963,3,87,66.0,66.0,SOFT,0
1263,9963,3,5,66.0,66.0,MEDIUM,0
1263,9963,3,43,66.0,66.0,HARD,52
1263,9963,3,10,66.0,66.0,MEDIUM,13
1263,9963,3,6,66.0,66.0,SOFT,3
1263,9963,4,18,66.0,66.0,SOFT,0
1263,9963,4,44,67.0,67.0,HARD,22
1263,9963,4,27,67.0,67.0,HARD,0
1263,9963,5,14,67.0,67.0,HARD,18
1263,9963,5,1,68.0,68.0,HARD,0
1263,9963,4,31,67.0,67.0,MEDIUM,10
1263,9963,4,55,67.0,67.0,MEDIUM,10
1263,9963,5,12,68.0,68.0,HARD,30
1263,9963,5,63,68.0,68.0,HARD,26
1263,9963,5,16,68.0,68.0,MEDIUM,15
1263,9963,5,81,68.0,68.0,SOFT,0
1263,9963,4,87,67.0,67.0,SOFT,1
1263,9963,4,43,67.0,67.0,HARD,53
1263,9963,4,5,67.0,67.0,MEDIUM,0
1263,9963,4,22,67.0,67.0,MEDIUM,0
1263,9963,4,6,67.0,67.0,SOFT,0
1263,9963,4,10,67.0,67.0,MEDIUM,14
1263,9963,5,44,68.0,68.0,HARD,0
1263,9963,5,18,67.0,67.0,SOFT,1
1263,9963,5,27,68.0,68.0,HARD,0
1263,9963,6,14,68.0,68.0,HARD,19
1263,9963,6,63,69.0,70.0,HARD,27
1263,9963,6,1,69.0,70.0,HARD,32
1263,9963,6,12,69.0,70.0,HARD,31
1263,9963,5,31,68.0,69.0,MEDIUM,11
1263,9963,5,55,68.0,69.0,MEDIUM,0
1263,9963,6,81,69.0,70.0,SOFT,5
1263,9963,6,16,69.0,70.0,MEDIUM,16
1263,9963,5,87,68.0,69.0,SOFT,2
1263,9963,5,22,68.0,69.0,MEDIUM,12
1263,9963,5,43,68.0,69.0,HARD,54
1263,9963,5,5,68.0,69.0,MEDIUM,0
1263,9963,5,10,68.0,69.0,MEDIUM,15
1263,9963,5,6,68.0,69.0,SOFT,0
1263,9963,6,18,68.0,69.0,SOFT,2
1263,9963,6,44,69.0,70.0,HARD,24
1263,9963,7,14,69.0,70.0,HARD,20
1263,9963,6,27,69.0,70.0,HARD,0
1264,9955,1,12,1.0,1.0,MEDIUM,0
1264,9955,1,55,1.0,1.0,MEDIUM,0
1264,9955,1,1,1.0,1.0,MEDIUM,0
1264,9955,1,6,1.0,2.0,SOFT,0
1264,9955,1,87,1.0,11.0,SOFT,0
1264,9955,1,10,1.0,12.0,SOFT,3
1264,9955,1,27,1.0,12.0,SOFT,0
1264,9955,1,23,1.0,13.0,MEDIUM,0
1264,9955,1,43,1.0,13.0,SOFT,0
1264,9955,2,23,14.0,15.0,MEDIUM,0
1264,9955,1,63,1.0,18.0,MEDIUM,0
1264,9955,1,22,1.0,18.0,MEDIUM,0
1264,9955,1,31,1.0,19.0,MEDIUM,0
1264,9955,1,4,1.0,20.0,MEDIUM,0
1264,9955,1,5,1.0,21.0,MEDIUM,0
1264,9955,1,81,1.0,24.0,MEDIUM,0
1264,9955,1,16,1.0,25.0,MEDIUM,0
1264,9955,1,44,1.0,26.0,MEDIUM,0
1264,9955,1,18,1.0,26.0,MEDIUM,1
1264,9955,2,6,3.0,28.0,MEDIUM,0
1264,9955,2,22,19.0,30.0,HARD,0
1264,9955,1,30,1.0,32.0,MEDIUM,0
1264,9955,1,14,1.0,33.0,MEDIUM,1
1264,9955,2,10,13.0,38.0,HARD,0
1264,9955,2,87,12.0,39.0,HARD,0
1264,9955,2,43,14.0,39.0,MEDIUM,0
1264,9955,2,27,13.0,42.0,MEDIUM,0
1264,9955,2,63,19.0,45.0,MEDIUM,0
1264,9955,2,16,26.0,49.0,HARD,0
1264,9955,2,5,22.0,49.0,MEDIUM,0
1264,9955,2,44,27.0,50.0,HARD,0
1264,9955,2,31,20.0,50.0,HARD,0
1264,9955,2,4,21.0,52.0,HARD,0
1264,9955,2,81,25.0,53.0,HARD,0
1264,9955,2,18,27.0,53.0,HARD,1
1264,9955,3,22,31.0,60.0,MEDIUM,0
1264,9955,3,4,53.0,70.0,MEDIUM,0
1264,9955,2,14,34.0,69.0,HARD,1
1264,9955,3,5,50.0,69.0,HARD,0
1264,9955,3,81,54.0,70.0,MEDIUM,0
1264,9955,4,22,61.0,68.0,SOFT,0
1264,9955,3,27,43.0,69.0,MEDIUM,0
1264,9955,3,31,51.0,69.0,HARD,0
1264,9955,3,16,50.0,70.0,MEDIUM,0
1264,9955,3,87,40.0,69.0,MEDIUM,0
1264,9955,3,6,29.0,69.0,HARD,0
1264,9955,3,44,51.0,70.0,MEDIUM,0
1264,9955,3,10,39.0,69.0,MEDIUM,0
1264,9955,3,18,54.0,69.0,SOFT,0
1264,9955,3,43,40.0,69.0,HARD,0
1264,9955,3,63,46.0,70.0,HARD,0
1264,9955,2,30,33.0,70.0,HARD,0
1277,9947,1,30,1.0,1.0,INTERMEDIATE,0
1277,9947,1,43,1.0,1.0,HARD,0
1277,9947,1,12,1.0,2.0,INTERMEDIATE,0
1277,9947,1,5,1.0,3.0,MEDIUM,0
1277,9947,1,18,1.0,6.0,INTERMEDIATE,0
1277,9947,1,27,1.0,9.0,INTERMEDIATE,0
1277,9947,2,12,3.0,9.0,HARD,0
1277,9947,2,18,7.0,10.0,SOFT,0
1277,9947,1,63,1.0,10.0,HARD,0
1277,9947,1,16,1.0,10.0,MEDIUM,0
1277,9947,1,6,1.0,10.0,MEDIUM,0
1277,9947,1,87,1.0,10.0,HARD,0
1277,9947,1,81,1.0,11.0,INTERMEDIATE,0
1277,9947,1,4,1.0,11.0,INTERMEDIATE,0
1277,9947,1,1,1.0,11.0,INTERMEDIATE,0
1277,9947,1,44,1.0,11.0,INTERMEDIATE,0
1277,9947,1,10,1.0,11.0,INTERMEDIATE,0
1277,9947,1,14,1.0,11.0,INTERMEDIATE,0
1277,9947,1,55,1.0,11.0,INTERMEDIATE,0
1277,9947,1,22,1.0,11.0,INTERMEDIATE,0
1277,9947,1,23,1.0,12.0,INTERMEDIATE,0
1277,9947,2,6,11.0,17.0,INTERMEDIATE,0
1277,9947,1,31,1.0,18.0,INTERMEDIATE,0
1277,9947,3,12,10.0,20.0,INTERMEDIATE,0
1277,9947,4,12,21.0,23.0,INTERMEDIATE,0
1277,9947,2,14,12.0,37.0,INTERMEDIATE,0
1277,9947,2,63,11.0,38.0,INTERMEDIATE,0
1277,9947,2,44,12.0,41.0,INTERMEDIATE,0
1277,9947,3,18,11.0,41.0,INTERMEDIATE,0
1277,9947,2,1,12.0,41.0,INTERMEDIATE,0
1277,9947,2,10,12.0,41.0,INTERMEDIATE,0
1277,9947,2,55,12.0,41.0,INTERMEDIATE,0
1277,9947,2,87,11.0,41.0,INTERMEDIATE,0
1277,9947,2,22,12.0,41.0,INTERMEDIATE,0
1277,9947,2,27,10.0,42.0,INTERMEDIATE,0
1277,9947,2,16,11.0,42.0,INTERMEDIATE,0
1277,9947,2,23,13.0,42.0,INTERMEDIATE,0
1277,9947,2,31,19.0,42.0,INTERMEDIATE,0
1277,9947,2,81,12.0,43.0,INTERMEDIATE,0
1277,9947,2,4,12.0,44.0,INTERMEDIATE,0
1277,9947,3,4,45.0,52.0,MEDIUM,0
1277,9947,3,81,44.0,52.0,MEDIUM,0
1277,9947,3,22,42.0,51.0,MEDIUM,0
1277,9947,3,27,43.0,52.0,MEDIUM,0
1277,9947,3,44,42.0,52.0,SOFT,3
1277,9947,3,1,42.0,52.0,MEDIUM,0
1277,9947,3,10,42.0,52.0,MEDIUM,0
1277,9947,4,18,42.0,52.0,SOFT,0
1277,9947,3,23,43.0,52.0,MEDIUM,0
1277,9947,3,14,38.0,52.0,MEDIUM,1
1277,9947,3,63,39.0,52.0,HARD,0
1277,9947,3,87,42.0,52.0,MEDIUM,0
1277,9947,3,55,42.0,52.0,MEDIUM,0
1277,9947,3,31,43.0,52.0,MEDIUM,0
1277,9947,3,16,43.0,52.0,SOFT,3
1265,9939,1,44,1.0,1.0,INTERMEDIATE,0
1265,9939,1,14,1.0,1.0,INTERMEDIATE,0
1265,9939,1,4,1.0,1.0,INTERMEDIATE,0
1265,9939,1,55,1.0,1.0,INTERMEDIATE,0
1265,9939,1,30,1.0,1.0,INTERMEDIATE,0
1265,9939,1,10,1.0,1.0,INTERMEDIATE,0
1265,9939,1,81,1.0,1.0,INTERMEDIATE,0
1265,9939,1,5,1.0,1.0,INTERMEDIATE,0
1265,9939,1,31,1.0,1.0,INTERMEDIATE,0
1265,9939,1,6,1.0,1.0,INTERMEDIATE,0
1265,9939,1,1,1.0,1.0,INTERMEDIATE,0
1265,9939,1,27,1.0,1.0,INTERMEDIATE,0
1265,9939,1,16,1.0,1.0,INTERMEDIATE,0
1265,9939,1,22,1.0,1.0,INTERMEDIATE,0
1265,9939,1,23,1.0,1.0,INTERMEDIATE,0
1265,9939,1,63,1.0,1.0,INTERMEDIATE,0
1265,9939,1,12,1.0,1.0,INTERMEDIATE,0
1265,9939,1,18,1.0,1.0,INTERMEDIATE,0
1265,9939,1,43,1.0,1.0,INTERMEDIATE,0
1265,9939,1,87,1.0,1.0,INTERMEDIATE,0
1265,9939,2,1,2.0,12.0,MEDIUM,0
1265,9939,2,87,2.0,12.0,MEDIUM,0
1265,9939,2,4,2.0,13.0,HARD,0
1265,9939,2,5,2.0,12.0,MEDIUM,0
1265,9939,2,6,2.0,13.0,MEDIUM,0
1265,9939,2,10,2.0,11.0,MEDIUM,0
1265,9939,2,12,2.0,12.0,MEDIUM,0
1265,9939,2,14,2.0,11.0,MEDIUM,0
1265,9939,2,18,2.0,12.0,MEDIUM,0
1265,9939,2,22,2.0,13.0,MEDIUM,0
1265,9939,2,23,2.0,12.0,MEDIUM,0
1265,9939,2,27,2.0,11.0,MEDIUM,0
1265,9939,2,30,2.0,12.0,MEDIUM,0
1265,9939,2,31,2.0,13.0,MEDIUM,0
1265,9939,2,43,2.0,12.0,MEDIUM,0
1265,9939,2,55,2.0,12.0,MEDIUM,0
1265,9939,2,63,2.0,12.0,MEDIUM,0
1265,9939,2,81,2.0,12.0,MEDIUM,0
1265,9939,2,16,2.0,12.0,MEDIUM,0
1265,9939,2,44,2.0,11.0,MEDIUM,0
1265,9939,3,81,13.0,44.0,MEDIUM,0
1265,9939,3,4,14.0,44.0,HARD,0
1265,9939,3,6,14.0,43.0,HARD,3
1265,9939,3,16,13.0,44.0,MEDIUM,0
1265,9939,3,1,13.0,44.0,MEDIUM,0
1265,9939,3,63,13.0,44.0,MEDIUM,0
1265,9939,3,23,13.0,44.0,MEDIUM,0
1265,9939,3,44,12.0,44.0,MEDIUM,0
1265,9939,3,30,13.0,44.0,MEDIUM,0
1265,9939,3,5,13.0,44.0,MEDIUM,0
1265,9939,3,10,12.0,44.0,MEDIUM,0
1265,9939,3,87,13.0,44.0,MEDIUM,0
1265,9939,3,27,12.0,44.0,MEDIUM,0
1265,9939,3,22,14.0,44.0,MEDIUM,0
1265,9939,3,18,13.0,44.0,MEDIUM,0
1265,9939,3,31,14.0,44.0,MEDIUM,7
1265,9939,3,12,13.0,44.0,MEDIUM,0
1265,9939,3,14,12.0,44.0,MEDIUM,0
1265,9939,3,55,13.0,44.0,HARD,0
1265,9939,3,43,13.0,44.0,MEDIUM,0
1266,9928,1,27,1.0,5.0,SOFT,0
1266,9928,1,43,1.0,13.0,MEDIUM,0
1266,9928,1,31,1.0,14.0,MEDIUM,0
1266,9928,1,23,1.0,14.0,SOFT,0
1266,9928,1,55,1.0,15.0,SOFT,0
1266,9928,1,1,1.0,17.0,MEDIUM,0
1266,9928,1,81,1.0,18.0,MEDIUM,0
1266,9928,1,16,1.0,19.0,MEDIUM,0
1266,9928,1,63,1.0,19.0,MEDIUM,0
1266,9928,1,22,1.0,20.0,MEDIUM,0
1266,9928,1,12,1.0,21.0,MEDIUM,0
1266,9928,1,87,1.0,30.0,MEDIUM,0
1266,9928,1,4,1.0,31.0,MEDIUM,0
1266,9928,1,10,1.0,32.0,HARD,0
1266,9928,1,6,1.0,33.0,MEDIUM,0
1266,9928,2,43,14.0,35.0,HARD,0
1266,9928,1,18,1.0,36.0,MEDIUM,1
1266,9928,2,22,21.0,37.0,SOFT,0
1266,9928,2,23,15.0,38.0,MEDIUM,0
1266,9928,1,14,1.0,39.0,MEDIUM,1
1266,9928,2,16,20.0,40.0,HARD,0
1266,9928,1,5,1.0,40.0,MEDIUM,0
1266,9928,1,30,1.0,40.0,MEDIUM,0
1266,9928,2,27,6.0,41.0,MEDIUM,0
1266,9928,1,44,1.0,42.0,HARD,0
1266,9928,2,63,20.0,43.0,HARD,0
1266,9928,2,81,19.0,45.0,HARD,1
1266,9928,2,1,18.0,48.0,HARD,0
1266,9928,2,87,31.0,48.0,HARD,0
1266,9928,2,55,16.0,51.0,HARD,0
1266,9928,2,4,32.0,70.0,HARD,0
1266,9928,3,81,46.0,70.0,HARD,0
1266,9928,2,12,22.0,69.0,HARD,0
1266,9928,2,6,34.0,69.0,HARD,0
1266,9928,2,44,43.0,69.0,MEDIUM,0
1266,9928,3,63,44.0,70.0,HARD,0
1266,9928,3,27,42.0,69.0,MEDIUM,0
1266,9928,3,55,52.0,69.0,MEDIUM,0
1266,9928,3,16,41.0,70.0,HARD,0
1266,9928,3,23,39.0,69.0,HARD,0
1266,9928,2,31,15.0,69.0,HARD,0
1266,9928,2,10,33.0,69.0,MEDIUM,0
1266,9928,3,22,38.0,69.0,HARD,0
1266,9928,3,43,36.0,69.0,HARD,0
1266,9928,2,14,40.0,70.0,HARD,1
1266,9928,2,5,41.0,70.0,HARD,0
1266,9928,2,18,37.0,70.0,HARD,1
1266,9928,2,30,41.0,70.0,HARD,0
1266,9928,3,1,49.0,70.0,HARD,0
1267,9920,1,43,1.0,19.0,SOFT,0
1267,9920,1,14,1.0,18.0,MEDIUM,0
1267,9920,1,27,1.0,19.0,SOFT,0
1267,9920,1,18,1.0,8.0,MEDIUM,0
1267,9920,1,5,1.0,22.0,MEDIUM,0
1267,9920,1,30,1.0,23.0,MEDIUM,0
1267,9920,1,55,1.0,23.0,MEDIUM,0
1267,9920,1,6,1.0,23.0,MEDIUM,0
1267,9920,1,12,1.0,23.0,MEDIUM,0
1267,9920,1,23,1.0,23.0,MEDIUM,0
1267,9920,1,63,1.0,23.0,MEDIUM,0
1267,9920,1,10,1.0,23.0,MEDIUM,0
1267,9920,1,81,1.0,23.0,MEDIUM,0
1267,9920,1,87,1.0,53.0,HARD,0
1267,9920,1,4,1.0,23.0,MEDIUM,0
1267,9920,1,31,1.0,52.0,HARD,0
1267,9920,1,44,1.0,22.0,MEDIUM,0
1267,9920,1,16,1.0,22.0,MEDIUM,0
1267,9920,1,1,1.0,23.0,SOFT,0
1267,9920,1,22,1.0,19.0,SOFT,0
1267,9920,2,18,9.0,52.0,HARD,0
1267,9920,2,14,19.0,40.0,HARD,0
1267,9920,2,43,20.0,53.0,HARD,0
1267,9920,2,22,20.0,53.0,HARD,0
1267,9920,2,27,20.0,53.0,HARD,0
1267,9920,2,16,23.0,52.0,HARD,1
1267,9920,2,5,23.0,60.0,HARD,0
1267,9920,2,81,24.0,53.0,HARD,0
1267,9920,2,4,24.0,53.0,HARD,0
1267,9920,2,6,24.0,53.0,HARD,0
1267,9920,2,1,24.0,53.0,MEDIUM,0
1267,9920,2,63,24.0,53.0,HARD,0
1267,9920,2,30,24.0,27.0,HARD,0
1267,9920,2,55,24.0,27.0,HARD,0
1267,9920,2,12,24.0,51.0,HARD,0
1267,9920,2,23,24.0,53.0,HARD,0
1267,9920,2,10,24.0,72.0,HARD,0
1267,9920,3,30,28.0,52.0,SOFT,3
1267,9920,3,55,28.0,51.0,SOFT,3
1267,9920,3,14,41.0,72.0,HARD,0
1267,9920,3,12,52.0,53.0,SOFT,0
1267,9920,3,16,53.0,53.0,SOFT,3
1267,9920,3,18,53.0,72.0,HARD,0
1267,9920,4,55,52.0,65.0,SOFT,3
1267,9920,2,31,53.0,72.0,MEDIUM,0
1267,9920,3,81,54.0,72.0,HARD,0
1267,9920,3,4,54.0,64.0,HARD,1
1267,9920,3,1,54.0,72.0,SOFT,0
1267,9920,3,6,54.0,72.0,SOFT,2
1267,9920,3,23,54.0,72.0,SOFT,0
1267,9920,3,63,54.0,72.0,SOFT,3
1267,9920,4,30,53.0,72.0,SOFT,3
1267,9920,4,12,54.0,72.0,SOFT,0
1267,9920,3,22,54.0,72.0,SOFT,3
1267,9920,2,87,54.0,72.0,MEDIUM,0
1267,9920,3,43,54.0,65.0,MEDIUM,0
1267,9920,3,27,54.0,72.0,MEDIUM,0
1267,9920,3,5,61.0,72.0,SOFT,0
1267,9920,4,43,66.0,72.0,SOFT,0
1267,9920,5,55,66.0,72.0,SOFT,3
1268,9912,1,27,1.0,1.0,MEDIUM,0
1268,9912,1,30,1.0,9.0,SOFT,0
1268,9912,1,87,1.0,18.0,MEDIUM,0
1268,9912,1,22,1.0,19.0,MEDIUM,0
1268,9912,1,5,1.0,20.0,MEDIUM,0
1268,9912,1,14,1.0,20.0,MEDIUM,1
1268,9912,2,14,21.0,24.0,HARD,1
1268,9912,1,63,1.0,27.0,MEDIUM,0
1268,9912,1,12,1.0,28.0,MEDIUM,0
1268,9912,1,55,1.0,30.0,MEDIUM,0
1268,9912,1,6,1.0,32.0,HARD,1
1268,9912,1,16,1.0,33.0,MEDIUM,0
1268,9912,1,43,1.0,33.0,MEDIUM,0
1268,9912,1,1,1.0,37.0,MEDIUM,0
1268,9912,1,44,1.0,38.0,MEDIUM,0
1268,9912,1,23,1.0,41.0,HARD,0
1268,9912,1,81,1.0,45.0,MEDIUM,0
1268,9912,1,4,1.0,46.0,MEDIUM,0
1268,9912,1,18,1.0,49.0,HARD,1
1268,9912,1,10,1.0,49.0,HARD,0
1268,9912,1,31,1.0,51.0,HARD,0
1268,9912,2,1,38.0,53.0,HARD,0
1268,9912,2,31,52.0,52.0,SOFT,0
1268,9912,2,10,50.0,52.0,SOFT,0
1268,9912,2,43,34.0,52.0,HARD,0
1268,9912,2,18,50.0,52.0,SOFT,0
1268,9912,2,4,47.0,53.0,SOFT,2
1268,9912,2,81,46.0,53.0,SOFT,3
1268,9912,2,16,34.0,53.0,HARD,0
1268,9912,2,63,28.0,53.0,HARD,0
1268,9912,2,44,39.0,53.0,HARD,0
1268,9912,2,23,42.0,53.0,MEDIUM,0
1268,9912,2,12,29.0,53.0,HARD,0
1268,9912,2,5,21.0,53.0,HARD,0
1268,9912,2,6,33.0,53.0,MEDIUM,0
1268,9912,2,55,31.0,53.0,HARD,0
1268,9912,2,87,19.0,53.0,HARD,0
1268,9912,2,22,20.0,53.0,HARD,0
1268,9912,2,30,10.0,53.0,HARD,0
1269,9904,1,31,1.0,1.0,HARD,0
1269,9904,1,23,1.0,1.0,MEDIUM,0
1269,9904,2,31,2.0,2.0,MEDIUM,0
1269,9904,2,23,2.0,15.0,MEDIUM,0
1269,9904,1,43,1.0,16.0,MEDIUM,0
1269,9904,1,12,1.0,18.0,MEDIUM,5
1269,9904,1,16,1.0,19.0,MEDIUM,3
1269,9904,1,30,1.0,20.0,MEDIUM,6
1269,9904,1,14,1.0,21.0,MEDIUM,3
1269,9904,1,81,1.0,1.0,MEDIUM,0
1269,9904,1,5,1.0,26.0,HARD,0
1269,9904,1,55,1.0,27.0,MEDIUM,5
1269,9904,1,87,1.0,28.0,HARD,0
1269,9904,1,6,1.0,29.0,MEDIUM,4
1269,9904,1,10,1.0,35.0,HARD,0
1269,9904,1,44,1.0,36.0,HARD,0
1269,9904,1,27,1.0,36.0,HARD,0
1269,9904,1,4,1.0,37.0,MEDIUM,0
1269,9904,1,18,1.0,37.0,MEDIUM,3
1269,9904,1,22,1.0,38.0,HARD,0
1269,9904,1,63,1.0,39.0,HARD,0
1269,9904,1,1,1.0,40.0,HARD,0
1269,9904,2,1,41.0,51.0,MEDIUM,4
1269,9904,2,10,36.0,50.0,MEDIUM,0
1269,9904,2,43,17.0,50.0,HARD,0
1269,9904,2,63,40.0,51.0,MEDIUM,6
1269,9904,2,55,28.0,51.0,HARD,0
1269,9904,2,12,19.0,51.0,HARD,0
1269,9904,2,30,21.0,51.0,HARD,1
1269,9904,2,22,39.0,51.0,MEDIUM,6
1269,9904,2,4,38.0,51.0,HARD,0
1269,9904,2,44,37.0,51.0,MEDIUM,0
1269,9904,2,16,20.0,51.0,HARD,0
1269,9904,2,6,30.0,51.0,HARD,1
1269,9904,3,23,16.0,51.0,HARD,0
1269,9904,2,5,27.0,51.0,MEDIUM,0
1269,9904,2,87,29.0,51.0,MEDIUM,0
1269,9904,3,31,3.0,51.0,HARD,1
1269,9904,2,14,22.0,51.0,HARD,0
1269,9904,2,27,37.0,51.0,MEDIUM,0
1269,9904,2,18,38.0,51.0,HARD,0
1270,9896,1,5,1.0,13.0,MEDIUM,0
1270,9896,1,22,1.0,13.0,SOFT,0
1270,9896,1,43,1.0,14.0,SOFT,0
1270,9896,1,1,1.0,19.0,SOFT,3
1270,9896,1,6,1.0,20.0,SOFT,2
1270,9896,1,16,1.0,21.0,MEDIUM,0
1270,9896,1,87,1.0,23.0,MEDIUM,0
1270,9896,1,44,1.0,24.0,MEDIUM,0
1270,9896,1,10,1.0,24.0,MEDIUM,0
1270,9896,1,63,1.0,25.0,MEDIUM,0
1270,9896,1,12,1.0,25.0,MEDIUM,0
1270,9896,1,27,1.0,25.0,MEDIUM,0
1270,9896,1,4,1.0,26.0,MEDIUM,0
1270,9896,1,81,1.0,27.0,MEDIUM,0
1270,9896,1,14,1.0,27.0,SOFT,3
1270,9896,1,31,1.0,30.0,MEDIUM,0
1270,9896,1,18,1.0,38.0,SOFT,0
1270,9896,1,23,1.0,42.0,MEDIUM,0
1270,9896,2,27,26.0,44.0,HARD,0
1270,9896,2,44,25.0,46.0,HARD,0
1270,9896,1,30,1.0,48.0,MEDIUM,0
1270,9896,1,55,1.0,50.0,MEDIUM,0
1270,9896,2,10,25.0,51.0,HARD,0
1270,9896,2,63,26.0,62.0,HARD,0
1270,9896,2,1,20.0,62.0,HARD,0
1270,9896,2,4,27.0,62.0,HARD,0
1270,9896,2,81,28.0,62.0,HARD,0
1270,9896,2,55,51.0,61.0,SOFT,0
1270,9896,2,6,21.0,61.0,HARD,0
1270,9896,2,22,14.0,61.0,HARD,0
1270,9896,2,18,39.0,61.0,MEDIUM,1
1270,9896,2,23,43.0,61.0,SOFT,0
1270,9896,2,30,49.0,61.0,SOFT,0
1270,9896,2,12,26.0,62.0,HARD,0
1270,9896,2,43,15.0,61.0,MEDIUM,0
1270,9896,2,16,22.0,62.0,HARD,0
1270,9896,2,5,14.0,61.0,HARD,0
1270,9896,2,31,31.0,61.0,HARD,0
1270,9896,3,10,52.0,61.0,SOFT,0
1270,9896,3,27,45.0,61.0,SOFT,0
1270,9896,3,44,47.0,62.0,SOFT,3
1270,9896,2,14,28.0,62.0,MEDIUM,1
1270,9896,2,87,24.0,62.0,HARD,0
1271,9888,1,55,1.0,5.0,MEDIUM,0
1271,9888,1,23,1.0,7.0,HARD,0
1271,9888,1,5,1.0,14.0,SOFT,0
1271,9888,1,16,1.0,22.0,SOFT,3
1271,9888,1,31,1.0,24.0,HARD,0
1271,9888,1,10,1.0,27.0,MEDIUM,0
1271,9888,1,18,1.0,28.0,SOFT,0
1271,9888,1,6,1.0,28.0,HARD,0
1271,9888,1,22,1.0,29.0,MEDIUM,0
1271,9888,1,81,1.0,30.0,MEDIUM,0
1271,9888,1,87,1.0,30.0,MEDIUM,0
1271,9888,1,14,1.0,30.0,MEDIUM,1
1271,9888,1,30,1.0,30.0,MEDIUM,0
1271,9888,1,44,1.0,31.0,MEDIUM,0
1271,9888,1,12,1.0,31.0,MEDIUM,0
1271,9888,1,4,1.0,32.0,MEDIUM,0
1271,9888,1,43,1.0,32.0,MEDIUM,0
1271,9888,1,1,1.0,33.0,MEDIUM,0
1271,9888,1,63,1.0,33.0,MEDIUM,0
1271,9888,1,27,1.0,33.0,MEDIUM,0
1271,9888,2,23,8.0,36.0,MEDIUM,0
1271,9888,2,5,15.0,36.0,MEDIUM,0
1271,9888,2,1,34.0,56.0,SOFT,2
1271,9888,2,43,33.0,55.0,SOFT,2
1271,9888,3,5,37.0,55.0,SOFT,0
1271,9888,2,10,28.0,55.0,SOFT,2
1271,9888,2,4,33.0,56.0,SOFT,6
1271,9888,2,16,23.0,56.0,MEDIUM,0
1271,9888,2,44,32.0,56.0,SOFT,2
1271,9888,2,81,31.0,56.0,SOFT,3
1271,9888,2,63,34.0,56.0,SOFT,3
1271,9888,2,22,30.0,56.0,SOFT,0
1271,9888,2,27,34.0,56.0,SOFT,0
1271,9888,2,87,31.0,56.0,SOFT,3
1271,9888,2,14,31.0,56.0,SOFT,3
1271,9888,2,30,31.0,56.0,SOFT,0
1271,9888,2,18,29.0,56.0,MEDIUM,1
1271,9888,2,12,32.0,56.0,SOFT,3
1271,9888,3,23,37.0,56.0,SOFT,0
1271,9888,2,31,25.0,56.0,MEDIUM,0
1271,9888,2,6,29.0,56.0,SOFT,0
